dataset,species,source_strain,source_identifier_type,source_identifier_raw,source_identifier_normalized,source_gene_name,source_gene_name_normalized,reference_strain,reference_genome_accession,reference_identifier,candidate_reference_identifiers,mapping_method,mapping_confidence,mapping_status,mapping_cardinality,ambiguity_n,identifier_well_formed,evidence_source,mapping_evidence
li_2014_all,Escherichia coli,K-12 MG1655,common gene name (unique RefSeq canonical/synonym match),ade,ade,ade,ade,K-12 MG1655,GCF_000005845.2,NA,b0523;b1131;b2312;b2476;b2500;b3665,unresolved_common_name,unresolved,ambiguous_one_to_many,one-to-many,6,FALSE,Revision_1/data/raw_extracted/Li_copy.csv + Revision_1/data/raw_data/reference_gff/GCF_000005845.2.gff,gene_synonym
li_2014_all,Escherichia coli,K-12 MG1655,common gene name (unique RefSeq canonical/synonym match),adrB,adrb,adrB,adrb,K-12 MG1655,GCF_000005845.2,NA,,unresolved_common_name,unresolved,unmatched,unresolved,0,FALSE,Revision_1/data/raw_extracted/Li_copy.csv + Revision_1/data/raw_data/reference_gff/GCF_000005845.2.gff,
li_2014_all,Escherichia coli,K-12 MG1655,common gene name (unique RefSeq canonical/synonym match),arrD,arrd,arrD,arrd,K-12 MG1655,GCF_000005845.2,NA,,unresolved_common_name,unresolved,unmatched,unresolved,0,FALSE,Revision_1/data/raw_extracted/Li_copy.csv + Revision_1/data/raw_data/reference_gff/GCF_000005845.2.gff,
li_2014_all,Escherichia coli,K-12 MG1655,common gene name (unique RefSeq canonical/synonym match),arrQ,arrq,arrQ,arrq,K-12 MG1655,GCF_000005845.2,NA,,unresolved_common_name,unresolved,unmatched,unresolved,0,FALSE,Revision_1/data/raw_extracted/Li_copy.csv + Revision_1/data/raw_data/reference_gff/GCF_000005845.2.gff,
li_2014_all,Escherichia coli,K-12 MG1655,common gene name (unique RefSeq canonical/synonym match),crl,crl,crl,crl,K-12 MG1655,GCF_000005845.2,NA,,unresolved_common_name,unresolved,unmatched,unresolved,0,FALSE,Revision_1/data/raw_extracted/Li_copy.csv + Revision_1/data/raw_data/reference_gff/GCF_000005845.2.gff,
li_2014_all,Escherichia coli,K-12 MG1655,common gene name (unique RefSeq canonical/synonym match),dnaXgamma,dnaxgamma,dnaXgamma,dnaxgamma,K-12 MG1655,GCF_000005845.2,NA,,unresolved_common_name,unresolved,unmatched,unresolved,0,FALSE,Revision_1/data/raw_extracted/Li_copy.csv + Revision_1/data/raw_data/reference_gff/GCF_000005845.2.gff,
li_2014_all,Escherichia coli,K-12 MG1655,common gene name (unique RefSeq canonical/synonym match),dnaXtau,dnaxtau,dnaXtau,dnaxtau,K-12 MG1655,GCF_000005845.2,NA,,unresolved_common_name,unresolved,unmatched,unresolved,0,FALSE,Revision_1/data/raw_extracted/Li_copy.csv + Revision_1/data/raw_data/reference_gff/GCF_000005845.2.gff,
li_2014_all,Escherichia coli,K-12 MG1655,common gene name (unique RefSeq canonical/synonym match),gatC,gatc,gatC,gatc,K-12 MG1655,GCF_000005845.2,NA,,unresolved_common_name,unresolved,unmatched,unresolved,0,FALSE,Revision_1/data/raw_extracted/Li_copy.csv + Revision_1/data/raw_data/reference_gff/GCF_000005845.2.gff,
li_2014_all,Escherichia coli,K-12 MG1655,common gene name (unique RefSeq canonical/synonym match),glpR,glpr,glpR,glpr,K-12 MG1655,GCF_000005845.2,NA,,unresolved_common_name,unresolved,unmatched,unresolved,0,FALSE,Revision_1/data/raw_extracted/Li_copy.csv + Revision_1/data/raw_data/reference_gff/GCF_000005845.2.gff,
li_2014_all,Escherichia coli,K-12 MG1655,common gene name (unique RefSeq canonical/synonym match),gtrA,gtra,gtrA,gtra,K-12 MG1655,GCF_000005845.2,NA,b1210;b2350,unresolved_common_name,unresolved,ambiguous_one_to_many,one-to-many,2,FALSE,Revision_1/data/raw_extracted/Li_copy.csv + Revision_1/data/raw_data/reference_gff/GCF_000005845.2.gff,gene_synonym
li_2014_all,Escherichia coli,K-12 MG1655,common gene name (unique RefSeq canonical/synonym match),insA,insa,insA,insa,K-12 MG1655,GCF_000005845.2,NA,,unresolved_common_name,unresolved,unmatched,unresolved,0,FALSE,Revision_1/data/raw_extracted/Li_copy.csv + Revision_1/data/raw_data/reference_gff/GCF_000005845.2.gff,
li_2014_all,Escherichia coli,K-12 MG1655,common gene name (unique RefSeq canonical/synonym match),insB,insb,insB,insb,K-12 MG1655,GCF_000005845.2,NA,,unresolved_common_name,unresolved,unmatched,unresolved,0,FALSE,Revision_1/data/raw_extracted/Li_copy.csv + Revision_1/data/raw_data/reference_gff/GCF_000005845.2.gff,
li_2014_all,Escherichia coli,K-12 MG1655,common gene name (unique RefSeq canonical/synonym match),insC,insc,insC,insc,K-12 MG1655,GCF_000005845.2,NA,,unresolved_common_name,unresolved,unmatched,unresolved,0,FALSE,Revision_1/data/raw_extracted/Li_copy.csv + Revision_1/data/raw_data/reference_gff/GCF_000005845.2.gff,
li_2014_all,Escherichia coli,K-12 MG1655,common gene name (unique RefSeq canonical/synonym match),insD,insd,insD,insd,K-12 MG1655,GCF_000005845.2,NA,,unresolved_common_name,unresolved,unmatched,unresolved,0,FALSE,Revision_1/data/raw_extracted/Li_copy.csv + Revision_1/data/raw_data/reference_gff/GCF_000005845.2.gff,
li_2014_all,Escherichia coli,K-12 MG1655,common gene name (unique RefSeq canonical/synonym match),insE,inse,insE,inse,K-12 MG1655,GCF_000005845.2,NA,,unresolved_common_name,unresolved,unmatched,unresolved,0,FALSE,Revision_1/data/raw_extracted/Li_copy.csv + Revision_1/data/raw_data/reference_gff/GCF_000005845.2.gff,
li_2014_all,Escherichia coli,K-12 MG1655,common gene name (unique RefSeq canonical/synonym match),insF,insf,insF,insf,K-12 MG1655,GCF_000005845.2,NA,,unresolved_common_name,unresolved,unmatched,unresolved,0,FALSE,Revision_1/data/raw_extracted/Li_copy.csv + Revision_1/data/raw_data/reference_gff/GCF_000005845.2.gff,
li_2014_all,Escherichia coli,K-12 MG1655,common gene name (unique RefSeq canonical/synonym match),insH,insh,insH,insh,K-12 MG1655,GCF_000005845.2,NA,,unresolved_common_name,unresolved,unmatched,unresolved,0,FALSE,Revision_1/data/raw_extracted/Li_copy.csv + Revision_1/data/raw_data/reference_gff/GCF_000005845.2.gff,
li_2014_all,Escherichia coli,K-12 MG1655,common gene name (unique RefSeq canonical/synonym match),insI,insi,insI,insi,K-12 MG1655,GCF_000005845.2,NA,,unresolved_common_name,unresolved,unmatched,unresolved,0,FALSE,Revision_1/data/raw_extracted/Li_copy.csv + Revision_1/data/raw_data/reference_gff/GCF_000005845.2.gff,
li_2014_all,Escherichia coli,K-12 MG1655,common gene name (unique RefSeq canonical/synonym match),insL,insl,insL,insl,K-12 MG1655,GCF_000005845.2,NA,,unresolved_common_name,unresolved,unmatched,unresolved,0,FALSE,Revision_1/data/raw_extracted/Li_copy.csv + Revision_1/data/raw_data/reference_gff/GCF_000005845.2.gff,
li_2014_all,Escherichia coli,K-12 MG1655,common gene name (unique RefSeq canonical/synonym match),rdoA,rdoa,rdoA,rdoa,K-12 MG1655,GCF_000005845.2,NA,,unresolved_common_name,unresolved,unmatched,unresolved,0,FALSE,Revision_1/data/raw_extracted/Li_copy.csv + Revision_1/data/raw_data/reference_gff/GCF_000005845.2.gff,
li_2014_all,Escherichia coli,K-12 MG1655,common gene name (unique RefSeq canonical/synonym match),rffT,rfft,rffT,rfft,K-12 MG1655,GCF_000005845.2,NA,b3793;b4481,unresolved_common_name,unresolved,ambiguous_one_to_many,one-to-many,2,FALSE,Revision_1/data/raw_extracted/Li_copy.csv + Revision_1/data/raw_data/reference_gff/GCF_000005845.2.gff,gene_synonym
li_2014_all,Escherichia coli,K-12 MG1655,common gene name (unique RefSeq canonical/synonym match),rhmA,rhma,rhmA,rhma,K-12 MG1655,GCF_000005845.2,NA,,unresolved_common_name,unresolved,unmatched,unresolved,0,FALSE,Revision_1/data/raw_extracted/Li_copy.csv + Revision_1/data/raw_data/reference_gff/GCF_000005845.2.gff,
li_2014_all,Escherichia coli,K-12 MG1655,common gene name (unique RefSeq canonical/synonym match),rhmR,rhmr,rhmR,rhmr,K-12 MG1655,GCF_000005845.2,NA,,unresolved_common_name,unresolved,unmatched,unresolved,0,FALSE,Revision_1/data/raw_extracted/Li_copy.csv + Revision_1/data/raw_data/reference_gff/GCF_000005845.2.gff,
li_2014_all,Escherichia coli,K-12 MG1655,common gene name (unique RefSeq canonical/synonym match),rhmT,rhmt,rhmT,rhmt,K-12 MG1655,GCF_000005845.2,NA,,unresolved_common_name,unresolved,unmatched,unresolved,0,FALSE,Revision_1/data/raw_extracted/Li_copy.csv + Revision_1/data/raw_data/reference_gff/GCF_000005845.2.gff,
li_2014_all,Escherichia coli,K-12 MG1655,common gene name (unique RefSeq canonical/synonym match),spr,spr,spr,spr,K-12 MG1655,GCF_000005845.2,NA,b2175;b4043,unresolved_common_name,unresolved,ambiguous_one_to_many,one-to-many,2,FALSE,Revision_1/data/raw_extracted/Li_copy.csv + Revision_1/data/raw_data/reference_gff/GCF_000005845.2.gff,gene_synonym
li_2014_all,Escherichia coli,K-12 MG1655,common gene name (unique RefSeq canonical/synonym match),ybfK,ybfk,ybfK,ybfk,K-12 MG1655,GCF_000005845.2,NA,,unresolved_common_name,unresolved,unmatched,unresolved,0,FALSE,Revision_1/data/raw_extracted/Li_copy.csv + Revision_1/data/raw_data/reference_gff/GCF_000005845.2.gff,
li_2014_all,Escherichia coli,K-12 MG1655,common gene name (unique RefSeq canonical/synonym match),yddJ,yddj,yddJ,yddj,K-12 MG1655,GCF_000005845.2,NA,,unresolved_common_name,unresolved,unmatched,unresolved,0,FALSE,Revision_1/data/raw_extracted/Li_copy.csv + Revision_1/data/raw_data/reference_gff/GCF_000005845.2.gff,
li_2014_all,Escherichia coli,K-12 MG1655,common gene name (unique RefSeq canonical/synonym match),ygaD,ygad,ygaD,ygad,K-12 MG1655,GCF_000005845.2,NA,b2676;b2700,unresolved_common_name,unresolved,ambiguous_one_to_many,one-to-many,2,FALSE,Revision_1/data/raw_extracted/Li_copy.csv + Revision_1/data/raw_data/reference_gff/GCF_000005845.2.gff,gene_synonym
li_2014_all,Escherichia coli,K-12 MG1655,common gene name (unique RefSeq canonical/synonym match),yliL,ylil,yliL,ylil,K-12 MG1655,GCF_000005845.2,NA,,unresolved_common_name,unresolved,unmatched,unresolved,0,FALSE,Revision_1/data/raw_extracted/Li_copy.csv + Revision_1/data/raw_data/reference_gff/GCF_000005845.2.gff,
li_2014_all,Escherichia coli,K-12 MG1655,common gene name (unique RefSeq canonical/synonym match),ypaA,ypaa,ypaA,ypaa,K-12 MG1655,GCF_000005845.2,NA,,unresolved_common_name,unresolved,unmatched,unresolved,0,FALSE,Revision_1/data/raw_extracted/Li_copy.csv + Revision_1/data/raw_data/reference_gff/GCF_000005845.2.gff,
schmidt_2016,Escherichia coli,K-12 BW25113,UniProt accession,P23477,P23477,addB,addb,K-12 MG1655,GCF_000005845.2,NA,,UniProt_accession_to_MG1655_GFF_CDS_Dbxref,high,unmatched,unresolved,0,FALSE,Revision_1/data/raw_extracted/schmidt_data_copy.csv + Revision_1/data/raw_data/reference_gff/GCF_000005845.2.gff,NA
schmidt_2016,Escherichia coli,K-12 BW25113,UniProt accession,P24251,P24251,crl,crl,K-12 MG1655,GCF_000005845.2,NA,,UniProt_accession_to_MG1655_GFF_CDS_Dbxref,high,unmatched,unresolved,0,FALSE,Revision_1/data/raw_extracted/schmidt_data_copy.csv + Revision_1/data/raw_data/reference_gff/GCF_000005845.2.gff,NA
schmidt_2016,Escherichia coli,K-12 BW25113,UniProt accession,P69831,P69831,gatC,gatc,K-12 MG1655,GCF_000005845.2,NA,,UniProt_accession_to_MG1655_GFF_CDS_Dbxref,high,unmatched,unresolved,0,FALSE,Revision_1/data/raw_extracted/schmidt_data_copy.csv + Revision_1/data/raw_data/reference_gff/GCF_000005845.2.gff,NA
schmidt_2016,Escherichia coli,K-12 BW25113,UniProt accession,P36930,P36930,gatR,gatr,K-12 MG1655,GCF_000005845.2,NA,,UniProt_accession_to_MG1655_GFF_CDS_Dbxref,high,unmatched,unresolved,0,FALSE,Revision_1/data/raw_extracted/schmidt_data_copy.csv + Revision_1/data/raw_data/reference_gff/GCF_000005845.2.gff,NA
schmidt_2016,Escherichia coli,K-12 BW25113,UniProt accession,P0ACL0,P0ACL0,glpR,glpr,K-12 MG1655,GCF_000005845.2,NA,,UniProt_accession_to_MG1655_GFF_CDS_Dbxref,high,unmatched,unresolved,0,FALSE,Revision_1/data/raw_extracted/schmidt_data_copy.csv + Revision_1/data/raw_data/reference_gff/GCF_000005845.2.gff,NA
schmidt_2016,Escherichia coli,K-12 BW25113,UniProt accession,P00892,P00892,ilvG,ilvg,K-12 MG1655,GCF_000005845.2,NA,,UniProt_accession_to_MG1655_GFF_CDS_Dbxref,high,unmatched,unresolved,0,FALSE,Revision_1/data/raw_extracted/schmidt_data_copy.csv + Revision_1/data/raw_data/reference_gff/GCF_000005845.2.gff,NA
schmidt_2016,Escherichia coli,K-12 BW25113,UniProt accession,P0CE60,P0CE60,JW58,jw58,K-12 MG1655,GCF_000005845.2,NA,,UniProt_accession_to_MG1655_GFF_CDS_Dbxref,high,unmatched,unresolved,0,FALSE,Revision_1/data/raw_extracted/schmidt_data_copy.csv + Revision_1/data/raw_data/reference_gff/GCF_000005845.2.gff,NA
schmidt_2016,Escherichia coli,K-12 BW25113,UniProt accession,B8LFD5,B8LFD5,NA,NA,K-12 MG1655,GCF_000005845.2,NA,,UniProt_accession_to_MG1655_GFF_CDS_Dbxref,high,unmatched,unresolved,0,FALSE,Revision_1/data/raw_extracted/schmidt_data_copy.csv + Revision_1/data/raw_data/reference_gff/GCF_000005845.2.gff,NA
schmidt_2016,Escherichia coli,K-12 BW25113,UniProt accession,E1MTY0,E1MTY0,NA,NA,K-12 MG1655,GCF_000005845.2,NA,,UniProt_accession_to_MG1655_GFF_CDS_Dbxref,high,unmatched,unresolved,0,FALSE,Revision_1/data/raw_extracted/schmidt_data_copy.csv + Revision_1/data/raw_data/reference_gff/GCF_000005845.2.gff,NA
zhu_B_subtilis,Bacillus subtilis,subsp. subtilis 168,legacy BSU locus tag,BSU11381/BSU11382,BSU11381/BSU11382,appA,appa,subsp. subtilis 168,GCF_000009045.1,NA,,author_provided_reference_locus_identifier,high,unmatched,unresolved,0,FALSE,Revision_1/data/raw_extracted/Bsub_batch_F.csv;Bsub_batch_G.csv,NA
zhu_B_subtilis,Bacillus subtilis,subsp. subtilis 168,legacy BSU locus tag,BSU25760/BSU26390,BSU25760/BSU26390,sigK,sigk,subsp. subtilis 168,GCF_000009045.1,NA,,author_provided_reference_locus_identifier,high,unmatched,unresolved,0,FALSE,Revision_1/data/raw_extracted/Bsub_batch_F.csv;Bsub_batch_G.csv,NA
zhu_B_subtilis,Bacillus subtilis,subsp. subtilis 168,legacy BSU locus tag,BSU05099; BSU21329,BSU05099; BSU21329,ydzM; youB,ydzm; youb,subsp. subtilis 168,GCF_000009045.1,NA,,author_provided_reference_locus_identifier,high,unmatched,unresolved,0,FALSE,Revision_1/data/raw_extracted/Bsub_batch_F.csv;Bsub_batch_G.csv,NA
zhu_B_subtilis,Bacillus subtilis,subsp. subtilis 168,legacy BSU locus tag,BSU16890/BSU16900,BSU16890/BSU16900,ymfK,ymfk,subsp. subtilis 168,GCF_000009045.1,NA,,author_provided_reference_locus_identifier,high,unmatched,unresolved,0,FALSE,Revision_1/data/raw_extracted/Bsub_batch_F.csv;Bsub_batch_G.csv,NA
