assay,dataset,cutoff,gene_filter,fc_mode,n_total,group,p,n_genes,med_log2fc
proteomics,schmidt_2016,rel50_abs0.25,high,filtered,550,oriC,4.602951008682527e-9,235,0.27850243743781655
proteomics,schmidt_2016,rel50_abs0.25,high,filtered,550,ter,0.4900282937819992,106,0.12864833195662184
proteomics,schmidt_2016,rel50_abs0.25,high,filtered,551,oriC,5.169332188417682e-7,236,0.2248902693822628
proteomics,schmidt_2016,rel50_abs0.25,high,filtered,551,ter,0.8500039579672225,106,0.09059090809976554
proteomics,schmidt_2016,rel50_abs0.25,high,filtered,549,oriC,6.187248390270788e-5,236,0.24315362677727434
proteomics,schmidt_2016,rel50_abs0.25,high,filtered,549,ter,0.9006438181917186,104,0.04952356165504854
proteomics,schmidt_2016,rel50_abs0.25,high,filtered,550,oriC,7.685427113629729e-9,236,0.2630949567722938
proteomics,schmidt_2016,rel50_abs0.25,high,filtered,550,ter,0.011038935530258405,105,0.1683252147490883
proteomics,schmidt_2016,rel50_abs0.25,high,filtered,549,oriC,1.031213460038115e-10,234,0.3234137822350974
proteomics,schmidt_2016,rel50_abs0.25,high,filtered,549,ter,0.5747727577320638,106,0.11797916216189405
proteomics,schmidt_2016,rel50_abs0.25,high,filtered,548,oriC,3.978333759743149e-5,235,0.19710066114939417
proteomics,schmidt_2016,rel50_abs0.25,high,filtered,548,ter,0.3445167812003851,104,0.1399957495830238
proteomics,schmidt_2016,rel50_abs0.25,high,filtered,552,oriC,1.114238328850046e-8,236,0.19814090754696218
proteomics,schmidt_2016,rel50_abs0.25,high,filtered,552,ter,0.5855630881218026,106,0.058807115527676854
proteomics,schmidt_2016,rel50_abs0.25,high,filtered,542,oriC,1.1361143694562513e-4,235,0.17621128569820488
proteomics,schmidt_2016,rel50_abs0.25,high,filtered,542,ter,0.00450015464326761,102,0.3368814308158654
proteomics,schmidt_2016,rel50_abs0.25,high,filtered,545,oriC,2.4307710100761172e-8,235,0.29105850814208495
proteomics,schmidt_2016,rel50_abs0.25,high,filtered,545,ter,0.02716209502795346,103,0.21731401983420007
proteomics,schmidt_2016,rel50_abs0.25,high,filtered,546,oriC,5.560786317742734e-10,232,0.36550660317009853
proteomics,schmidt_2016,rel50_abs0.25,high,filtered,546,ter,0.2910216639970268,106,0.3071942968969593
proteomics,schmidt_2016,rel50_abs0.25,high,filtered,543,oriC,7.603525032628381e-6,234,0.2294291511769938
proteomics,schmidt_2016,rel50_abs0.25,high,filtered,543,ter,0.0013680122595235,102,0.36318120598605247
proteomics,schmidt_2016,rel50_abs0.25,high,filtered,547,oriC,5.0450217324487236e-8,235,0.3008385104918122
proteomics,schmidt_2016,rel50_abs0.25,high,filtered,547,ter,0.8750272079311915,104,0.07426153698406505
proteomics,schmidt_2016,rel50_abs0.25,high,filtered,547,oriC,1.3775119324292122e-8,236,0.30678167792562316
proteomics,schmidt_2016,rel50_abs0.25,high,filtered,547,ter,0.009435248550444234,104,0.3678146722685121
proteomics,schmidt_2016,rel50_abs0.25,high,filtered,543,oriC,1.6930374040169737e-8,233,0.42608368098551813
proteomics,schmidt_2016,rel50_abs0.25,high,filtered,543,ter,0.08404297123559855,101,-0.1919305460320701
proteomics,schmidt_2016,rel50_abs0.25,high,filtered,538,oriC,1.0919829121059403e-8,232,0.417546937922036
proteomics,schmidt_2016,rel50_abs0.25,high,filtered,538,ter,0.03316812617865294,100,-0.2552736735855488
proteomics,schmidt_2016,rel50_abs0.25,high,filtered,551,oriC,8.153409598682412e-10,236,0.24196578117030598
proteomics,schmidt_2016,rel50_abs0.25,high,filtered,551,ter,0.11576677742369335,106,0.07034961587963873
proteomics,schmidt_2016,rel50_abs0.25,high,filtered,550,oriC,7.916369379005546e-11,235,0.28796469648955153
proteomics,schmidt_2016,rel50_abs0.25,high,filtered,550,ter,0.9397012553386545,106,0.06620197964935087
proteomics,schmidt_2016,rel50_abs0.25,high,filtered,548,oriC,3.9618568342176435e-5,235,0.14594889221414847
proteomics,schmidt_2016,rel50_abs0.25,high,filtered,548,ter,0.6072624942454847,104,0.03034999254300308
proteomics,schmidt_2016,rel50_abs0.25,high,filtered,552,oriC,7.2624178184892916e-09,236,0.16071918089116402
proteomics,schmidt_2016,rel50_abs0.25,high,filtered,552,ter,0.49201219472541835,106,-0.01612564112156788
proteomics,schmidt_2016,rel50_abs0.25,high,filtered,543,oriC,8.676428579475082e-4,236,0.11402634968077474
proteomics,schmidt_2016,rel50_abs0.25,high,filtered,543,ter,0.0014327853666013196,102,0.19659192060664593
proteomics,schmidt_2016,rel50_abs0.25,high,filtered,549,oriC,1.2390989181165804e-8,236,0.21718775337131074
proteomics,schmidt_2016,rel50_abs0.25,high,filtered,549,ter,0.17167441821601817,104,0.10448263778477809
proteomics,schmidt_2016,rel50_abs0.25,high,filtered,547,oriC,1.3929679481212466e-9,233,0.34083332580946296
proteomics,schmidt_2016,rel50_abs0.25,high,filtered,547,ter,0.40180461036783954,106,0.1944224268932036
proteomics,schmidt_2016,rel50_abs0.25,high,filtered,544,oriC,3.42427309911839e-5,234,0.19974170598220142
proteomics,schmidt_2016,rel50_abs0.25,high,filtered,544,ter,0.0019937858819342436,102,0.18459319721970938
proteomics,schmidt_2016,rel50_abs0.25,high,filtered,549,oriC,3.4669404211176503e-7,236,0.19374203003470486
proteomics,schmidt_2016,rel50_abs0.25,high,filtered,549,ter,0.5388770412899627,104,0.017360229114261494
proteomics,schmidt_2016,rel50_abs0.25,high,filtered,547,oriC,9.052167603965564e-9,236,0.25253018333250843
proteomics,schmidt_2016,rel50_abs0.25,high,filtered,547,ter,0.007429848686999566,104,0.29994335779327885
proteomics,schmidt_2016,rel50_abs0.25,high,filtered,547,oriC,2.995285189804704e-9,235,0.35523864013196177
proteomics,schmidt_2016,rel50_abs0.25,high,filtered,547,ter,0.02716209502795346,103,-0.16476037455333803
proteomics,schmidt_2016,rel50_abs0.25,high,filtered,541,oriC,1.2756048544372593e-8,233,0.3470837056827308
proteomics,schmidt_2016,rel50_abs0.25,high,filtered,541,ter,0.015655739686539872,102,-0.3048642867454495
proteomics,schmidt_2016,rel50_abs0.25,high,filtered,547,oriC,0.0027273793997337078,236,0.0978627453226619
proteomics,schmidt_2016,rel50_abs0.25,high,filtered,547,ter,4.533587085697665e-4,105,0.2233047042740169
proteomics,schmidt_2016,rel50_abs0.25,high,filtered,551,oriC,3.446377883115317e-8,236,0.1908891865209329
proteomics,schmidt_2016,rel50_abs0.25,high,filtered,551,ter,0.15886632097861628,106,0.11881765297187655
proteomics,schmidt_2016,rel50_abs0.25,high,filtered,549,oriC,3.1288359098071627e-7,233,0.25345913996162084
proteomics,schmidt_2016,rel50_abs0.25,high,filtered,549,ter,0.41973346848750925,106,0.19853740721172466
proteomics,schmidt_2016,rel50_abs0.25,high,filtered,547,oriC,0.003850681102623477,234,0.08477095315540582
proteomics,schmidt_2016,rel50_abs0.25,high,filtered,547,ter,4.739765165452157e-5,104,0.19346318753862524
proteomics,schmidt_2016,rel50_abs0.25,high,filtered,552,oriC,1.1317071819385219e-5,236,0.15205472557789323
proteomics,schmidt_2016,rel50_abs0.25,high,filtered,552,ter,0.5986342372354823,106,-0.027008670784473075
proteomics,schmidt_2016,rel50_abs0.25,high,filtered,552,oriC,1.8301538449439752e-6,236,0.26201161824034525
proteomics,schmidt_2016,rel50_abs0.25,high,filtered,552,ter,0.0017679555786779418,106,0.21709750733840252
proteomics,schmidt_2016,rel50_abs0.25,high,filtered,546,oriC,3.156298039126864e-7,232,0.33688038777102847
proteomics,schmidt_2016,rel50_abs0.25,high,filtered,546,ter,0.021774061711567153,104,-0.21473748938895645
proteomics,schmidt_2016,rel50_abs0.25,high,filtered,545,oriC,1.001551516235976e-6,231,0.36285923697853933
proteomics,schmidt_2016,rel50_abs0.25,high,filtered,545,ter,0.01158545731637862,104,-0.24211975457685325
proteomics,schmidt_2016,rel50_abs0.25,high,filtered,545,oriC,4.2226484296137944e-7,235,0.1521993258823564
proteomics,schmidt_2016,rel50_abs0.25,high,filtered,545,ter,1.617913239801975e-4,105,0.25882339060923165
proteomics,schmidt_2016,rel50_abs0.25,high,filtered,551,oriC,3.051954024757099e-12,236,0.25273793030293734
proteomics,schmidt_2016,rel50_abs0.25,high,filtered,551,ter,0.02264772587791516,105,0.15622781056582344
proteomics,schmidt_2016,rel50_abs0.25,high,filtered,551,oriC,1.13389919269404e-13,235,0.2857695609208484
proteomics,schmidt_2016,rel50_abs0.25,high,filtered,551,ter,0.08816229914318985,106,0.20084053117378448
proteomics,schmidt_2016,rel50_abs0.25,high,filtered,546,oriC,1.350823554604011e-10,233,0.20760433712411464
proteomics,schmidt_2016,rel50_abs0.25,high,filtered,546,ter,2.300974420997539e-5,104,0.23695713968605098
proteomics,schmidt_2016,rel50_abs0.25,high,filtered,549,oriC,3.737016745329383e-9,235,0.1942046207147757
proteomics,schmidt_2016,rel50_abs0.25,high,filtered,549,ter,0.9754237206339261,104,-0.03365800589291863
proteomics,schmidt_2016,rel50_abs0.25,high,filtered,548,oriC,7.84153042090514e-13,236,0.30497048108752633
proteomics,schmidt_2016,rel50_abs0.25,high,filtered,548,ter,0.0011860455879087527,103,0.277907343508253
proteomics,schmidt_2016,rel50_abs0.25,high,filtered,546,oriC,1.1418489894273414e-10,234,0.3591280628030745
proteomics,schmidt_2016,rel50_abs0.25,high,filtered,546,ter,0.14927569919161426,102,-0.1394193628664076
proteomics,schmidt_2016,rel50_abs0.25,high,filtered,543,oriC,3.458842912949891e-10,233,0.3368092558273451
proteomics,schmidt_2016,rel50_abs0.25,high,filtered,543,ter,0.03721509063001237,101,-0.19087042177903105
proteomics,schmidt_2016,rel50_abs0.25,high,filtered,544,oriC,8.254794460107994e-5,233,0.09522901774958738
proteomics,schmidt_2016,rel50_abs0.25,high,filtered,544,ter,7.492350673109298e-4,104,0.3441576502146956
proteomics,schmidt_2016,rel50_abs0.25,high,filtered,549,oriC,5.623235869949006e-7,236,0.1811934028132367
proteomics,schmidt_2016,rel50_abs0.25,high,filtered,549,ter,0.5324696994253468,104,0.0977965527353405
proteomics,schmidt_2016,rel50_abs0.25,high,filtered,549,oriC,3.182536750223673e-9,236,0.2282750188568492
proteomics,schmidt_2016,rel50_abs0.25,high,filtered,549,ter,2.9598506293241445e-4,105,0.3794221728447512
proteomics,schmidt_2016,rel50_abs0.25,high,filtered,547,oriC,3.716048262081908e-10,234,0.29368284699429986
proteomics,schmidt_2016,rel50_abs0.25,high,filtered,547,ter,0.03490608269517036,104,-0.17773486075189623
proteomics,schmidt_2016,rel50_abs0.25,high,filtered,545,oriC,6.276322991177431e-9,234,0.27584725596068205
proteomics,schmidt_2016,rel50_abs0.25,high,filtered,545,ter,0.023304902021112617,103,-0.2874560936397551
proteomics,schmidt_2016,rel50_abs0.25,high,filtered,550,oriC,5.177612945297124e-5,236,0.10498253403845365
proteomics,schmidt_2016,rel50_abs0.25,high,filtered,550,ter,5.44458088873087e-5,104,0.28716427956216145
proteomics,schmidt_2016,rel50_abs0.25,high,filtered,547,oriC,0.00459735183315738,233,0.019211061460637103
proteomics,schmidt_2016,rel50_abs0.25,high,filtered,547,ter,0.006581922469315983,105,-0.29460271607769567
proteomics,schmidt_2016,rel50_abs0.25,high,filtered,545,oriC,8.279205028305338e-4,232,0.11475888429342244
proteomics,schmidt_2016,rel50_abs0.25,high,filtered,545,ter,0.003551297753618472,105,-0.29949126724355296
proteomics,schmidt_2016,rel50_abs0.25,high,filtered,547,oriC,4.0009043034805473e-7,233,0.14000887794198505
proteomics,schmidt_2016,rel50_abs0.25,high,filtered,547,ter,0.002416174899204865,104,-0.23211809902972702
proteomics,schmidt_2016,rel50_abs0.25,high,filtered,545,oriC,1.567743246714372e-5,231,0.21063045217874599
proteomics,schmidt_2016,rel50_abs0.25,high,filtered,545,ter,0.0032372591277182896,105,-0.26872540950211005
proteomics,schmidt_2016,rel50_abs0.25,high,filtered,548,oriC,1.7856552246051818e-7,233,0.21434837543361038
proteomics,schmidt_2016,rel50_abs0.25,high,filtered,548,ter,0.009144272555858465,106,-0.222191478528578
proteomics,schmidt_2016,rel50_abs0.25,high,filtered,547,oriC,1.991558127569462e-6,232,0.25545844774191107
proteomics,schmidt_2016,rel50_abs0.25,high,filtered,547,ter,0.00788294026876234,106,-0.18142588584014568
proteomics,schmidt_2016,rel50_abs0.25,high,filtered,547,oriC,1.2196976820086882e-6,233,0.12377336335194905
proteomics,schmidt_2016,rel50_abs0.25,high,filtered,547,ter,0.0026043456922297723,104,-0.2933888185532365
proteomics,schmidt_2016,rel50_abs0.25,high,filtered,544,oriC,6.977963565895769e-6,232,0.2019118911908927
proteomics,schmidt_2016,rel50_abs0.25,high,filtered,544,ter,0.005088680508898781,103,-0.3811633611073116
proteomics,schmidt_2016,rel50_abs0.25,high,filtered,549,oriC,7.703151063832165e-5,235,0.07423432624903775
proteomics,schmidt_2016,rel50_abs0.25,high,filtered,549,ter,1.1928497146226663e-4,104,-0.264501303349834
proteomics,schmidt_2016,rel50_abs0.25,high,filtered,545,oriC,2.1643654276737965e-4,233,0.0909125262821668
proteomics,schmidt_2016,rel50_abs0.25,high,filtered,545,ter,0.004085210604761725,104,-0.32490264991010753
proteomics,schmidt_2016,rel50_abs0.25,high,filtered,546,oriC,8.466219199842618e-7,232,0.2587978113824341
proteomics,schmidt_2016,rel50_abs0.25,high,filtered,546,ter,0.0052112244187886335,104,-0.22778076257243568
proteomics,schmidt_2016,rel50_abs0.25,high,filtered,548,oriC,3.174292837738355e-6,233,0.25739773931291315
proteomics,schmidt_2016,rel50_abs0.25,high,filtered,548,ter,0.019781090746264753,105,-0.2725645256960539
proteomics,schmidt_2016,rel50_abs0.25,high,filtered,548,oriC,1.2377432197180142e-6,233,0.17297517370046228
proteomics,schmidt_2016,rel50_abs0.25,high,filtered,548,ter,0.003551297753618472,105,-0.2500968293211905
proteomics,schmidt_2016,rel50_abs0.25,high,filtered,547,oriC,5.295001379894953e-7,234,0.2044233845960229
proteomics,schmidt_2016,rel50_abs0.25,high,filtered,547,ter,0.012932892411246816,104,-0.31556449414719145
proteomics,schmidt_2016,rel50_abs0.25,high,filtered,543,oriC,9.782473882970544e-7,232,0.20680169842876012
proteomics,schmidt_2016,rel50_abs0.25,high,filtered,543,ter,0.002383551734594604,102,-0.40865226955687084
proteomics,schmidt_2016,rel50_abs0.25,high,filtered,536,oriC,4.219234479333008e-8,231,0.26823981962782456
proteomics,schmidt_2016,rel50_abs0.25,high,filtered,536,ter,0.002383551734594604,102,-0.4319935344088406
proteomics,schmidt_2016,rel50_abs0.25,high,filtered,547,oriC,1.2538298098937627e-5,234,0.1241404355678165
proteomics,schmidt_2016,rel50_abs0.25,high,filtered,547,ter,0.003322038582103287,103,-0.34063464436714636
proteomics,schmidt_2016,rel50_abs0.25,high,filtered,543,oriC,3.6210990016481513e-6,233,0.18407152726356896
proteomics,schmidt_2016,rel50_abs0.25,high,filtered,543,ter,0.001882109490787363,104,-0.32951182437961246
proteomics,schmidt_2016,rel50_abs0.25,high,filtered,543,oriC,5.374430385383316e-4,229,0.02651040648093108
proteomics,schmidt_2016,rel50_abs0.25,high,filtered,543,ter,1.359971949322e-5,104,-0.22327544051960194
proteomics,schmidt_2016,rel50_abs0.25,high,filtered,540,oriC,9.046290194045048e-6,229,0.10648385394898284
proteomics,schmidt_2016,rel50_abs0.25,high,filtered,540,ter,2.9773173379322147e-4,103,-0.32750668123614746
proteomics,schmidt_2016,rel50_abs0.25,high,filtered,537,oriC,2.9840052701476157e-8,230,0.24708410443522238
proteomics,schmidt_2016,rel50_abs0.25,high,filtered,537,ter,0.0012303799939781977,98,-0.3958003721111103
proteomics,schmidt_2016,rel50_abs0.25,high,filtered,536,oriC,5.347027725667266e-10,230,0.37700186516165585
proteomics,schmidt_2016,rel50_abs0.25,high,filtered,536,ter,0.0026092537985934615,99,-0.34398549100636444
proteomics,schmidt_2016,rel50_abs0.25,high,filtered,545,oriC,6.984529654844351e-6,233,0.11223365257306536
proteomics,schmidt_2016,rel50_abs0.25,high,filtered,545,ter,0.008829995096764909,104,-0.1825088031355238
proteomics,schmidt_2016,rel50_abs0.25,high,filtered,547,oriC,2.1929548879041346e-7,234,0.18097880542510508
proteomics,schmidt_2016,rel50_abs0.25,high,filtered,547,ter,0.001594707699182798,104,-0.25698313746480794
proteomics,schmidt_2016,rel50_abs0.25,high,filtered,542,oriC,0.030548765605068053,232,0.0010368321988421243
proteomics,schmidt_2016,rel50_abs0.25,high,filtered,542,ter,1.003515244962418e-5,102,-0.5653503544001052
proteomics,schmidt_2016,rel50_abs0.25,high,filtered,541,oriC,1.682360713385188e-4,232,0.1075354222708231
proteomics,schmidt_2016,rel50_abs0.25,high,filtered,541,ter,7.497786299202338e-4,101,-0.4580123485762586
proteomics,peebo_2015,rel50_abs0.25,high,filtered,338,oriC,1.1324045060451604e-10,153,0.2368512735043679
proteomics,peebo_2015,rel50_abs0.25,high,filtered,338,ter,0.8487723959230673,57,0.004140917194826323
proteomics,peebo_2015,rel50_abs0.25,high,filtered,336,oriC,5.1712621753626364e-11,152,0.2581708665419833
proteomics,peebo_2015,rel50_abs0.25,high,filtered,336,ter,0.8035223949952265,56,0.03689446558997965
proteomics,peebo_2015,rel50_abs0.25,high,filtered,339,oriC,9.652790904973095e-10,154,0.24323179761798086
proteomics,peebo_2015,rel50_abs0.25,high,filtered,339,ter,0.007242563684757719,57,-0.21466762581975496
proteomics,peebo_2015,rel50_abs0.25,high,filtered,332,oriC,3.4318247572648534e-10,150,0.32436943026987197
proteomics,peebo_2015,rel50_abs0.25,high,filtered,332,ter,0.014400125074786925,57,-0.1875434545575199
proteomics,peebo_2015,rel50_abs0.25,high,filtered,342,oriC,1.6765739645484057e-8,154,0.30903386811614086
proteomics,peebo_2015,rel50_abs0.25,high,filtered,342,ter,0.0072184471341447546,58,-0.27121649970480133
proteomics,peebo_2015,rel50_abs0.25,high,filtered,324,oriC,4.418295920939958e-11,147,0.3424493337674237
proteomics,peebo_2015,rel50_abs0.25,high,filtered,324,ter,0.01675339496192185,55,-0.22927375444810794
proteomics,peebo_2015,rel50_abs0.25,high,filtered,341,oriC,2.3161728225320477e-8,153,0.262885384232915
proteomics,peebo_2015,rel50_abs0.25,high,filtered,341,ter,0.011101417420237793,58,-0.29664108108975124
proteomics,peebo_2015,rel50_abs0.25,high,filtered,316,oriC,2.1641551835897607e-10,146,0.46104122988317886
proteomics,peebo_2015,rel50_abs0.25,high,filtered,316,ter,0.10333235011564074,53,-0.2545771348564752
proteomics,peebo_2015,rel50_abs0.25,high,filtered,341,oriC,1.3599721031889207e-9,153,0.3130654722295877
proteomics,peebo_2015,rel50_abs0.25,high,filtered,341,ter,0.058874021694887,58,-0.27921713730150155
proteomics,peebo_2015,rel50_abs0.25,high,filtered,308,oriC,8.997697702043255e-11,141,0.40436714476282554
proteomics,peebo_2015,rel50_abs0.25,high,filtered,308,ter,0.40679222805087845,51,-0.18742352233627682
proteomics,peebo_2015,rel50_abs0.25,high,filtered,338,oriC,1.3077348323257786e-10,153,0.24433194537909964
proteomics,peebo_2015,rel50_abs0.25,high,filtered,338,ter,0.8925576856176717,57,-0.004351321703281555
proteomics,peebo_2015,rel50_abs0.25,high,filtered,336,oriC,6.615244064028285e-11,152,0.2517698840040903
proteomics,peebo_2015,rel50_abs0.25,high,filtered,336,ter,0.7783887301017243,56,0.015313912687019402
proteomics,peebo_2015,rel50_abs0.25,high,filtered,339,oriC,3.509363002361293e-9,154,0.24386314759107705
proteomics,peebo_2015,rel50_abs0.25,high,filtered,339,ter,0.013178642967389914,57,-0.2428429107952155
proteomics,peebo_2015,rel50_abs0.25,high,filtered,332,oriC,4.2109387345975293e-10,150,0.3119870657697185
proteomics,peebo_2015,rel50_abs0.25,high,filtered,332,ter,0.015047506311950686,57,-0.23472565196676998
proteomics,peebo_2015,rel50_abs0.25,high,filtered,342,oriC,2.1317895066980648e-8,154,0.29217015933366475
proteomics,peebo_2015,rel50_abs0.25,high,filtered,342,ter,0.009931595584126984,58,-0.3070862578507188
proteomics,peebo_2015,rel50_abs0.25,high,filtered,325,oriC,4.126885953494444e-11,148,0.38395669923716225
proteomics,peebo_2015,rel50_abs0.25,high,filtered,325,ter,0.014592121288594741,55,-0.21382797651840219
proteomics,peebo_2015,rel50_abs0.25,high,filtered,342,oriC,1.7992583319424215e-8,153,0.21755829930247098
proteomics,peebo_2015,rel50_abs0.25,high,filtered,342,ter,0.01134955930882849,58,-0.2719376380840852
proteomics,peebo_2015,rel50_abs0.25,high,filtered,316,oriC,1.8577879190915657e-10,146,0.4067823067303055
proteomics,peebo_2015,rel50_abs0.25,high,filtered,316,ter,0.13462311098437194,53,-0.22163191266930665
proteomics,peebo_2015,rel50_abs0.25,high,filtered,341,oriC,1.5227970434161153e-9,153,0.3229253235711869
proteomics,peebo_2015,rel50_abs0.25,high,filtered,341,ter,0.08015789779618195,58,-0.2769757071315868
proteomics,peebo_2015,rel50_abs0.25,high,filtered,308,oriC,1.5479180416651192e-10,141,0.36929199070200935
proteomics,peebo_2015,rel50_abs0.25,high,filtered,308,ter,0.45615649496401206,51,-0.23580005806614443
proteomics,peebo_2015,rel50_abs0.25,high,filtered,339,oriC,2.0026272565200503e-8,154,0.28115056424874413
proteomics,peebo_2015,rel50_abs0.25,high,filtered,339,ter,0.7870548002777176,57,-0.10227178447506922
proteomics,peebo_2015,rel50_abs0.25,high,filtered,335,oriC,2.041894002266939e-8,153,0.2692011119060037
proteomics,peebo_2015,rel50_abs0.25,high,filtered,335,ter,0.5819057151868601,56,-0.018706235536972274
proteomics,peebo_2015,rel50_abs0.25,high,filtered,340,oriC,3.3363420623672914e-9,155,0.24593939309519122
proteomics,peebo_2015,rel50_abs0.25,high,filtered,340,ter,0.17426367893566883,57,-0.22638909241838387
proteomics,peebo_2015,rel50_abs0.25,high,filtered,333,oriC,6.905084403775953e-9,151,0.26008884901061513
proteomics,peebo_2015,rel50_abs0.25,high,filtered,333,ter,0.2942851537794848,57,-0.24937496854926802
proteomics,peebo_2015,rel50_abs0.25,high,filtered,343,oriC,2.103291983627261e-8,155,0.22567788928370153
proteomics,peebo_2015,rel50_abs0.25,high,filtered,343,ter,0.1433842765654334,58,-0.30569462651446033
proteomics,peebo_2015,rel50_abs0.25,high,filtered,326,oriC,4.838590562076449e-10,148,0.31023890333087567
proteomics,peebo_2015,rel50_abs0.25,high,filtered,326,ter,0.33318306846046686,55,-0.2610964982929324
proteomics,peebo_2015,rel50_abs0.25,high,filtered,342,oriC,2.1271343374178541e-7,154,0.24982444873229193
proteomics,peebo_2015,rel50_abs0.25,high,filtered,342,ter,0.21257427542095247,58,-0.2818070961496979
proteomics,peebo_2015,rel50_abs0.25,high,filtered,317,oriC,2.48556918526957e-9,146,0.33296562633387006
proteomics,peebo_2015,rel50_abs0.25,high,filtered,317,ter,0.5471821290195689,53,-0.240971320838773
proteomics,peebo_2015,rel50_abs0.25,high,filtered,340,oriC,5.126419135286365e-9,152,0.3262851036504437
proteomics,peebo_2015,rel50_abs0.25,high,filtered,340,ter,0.32929452931966374,58,-0.31921271415478675
proteomics,peebo_2015,rel50_abs0.25,high,filtered,309,oriC,4.272951512018032e-10,142,0.4230504225354965
proteomics,peebo_2015,rel50_abs0.25,high,filtered,309,ter,0.5770347251282728,51,-0.1537224094150039
proteomics,peebo_2015,rel50_abs0.25,high,filtered,314,oriC,4.5084820614864165e-5,143,0.19492749117473526
proteomics,peebo_2015,rel50_abs0.25,high,filtered,314,ter,0.8943583011021247,53,-0.09942816332541746
proteomics,peebo_2015,rel50_abs0.25,high,filtered,314,oriC,1.9511517696945527e-5,142,0.18592591200884068
proteomics,peebo_2015,rel50_abs0.25,high,filtered,314,ter,0.8873610255193849,53,0.004626243410136384
proteomics,peebo_2015,rel50_abs0.25,high,filtered,316,oriC,1.598359804725804e-5,144,0.1256277449381687
proteomics,peebo_2015,rel50_abs0.25,high,filtered,316,ter,0.008556811774702883,53,-0.24269738814895314
proteomics,peebo_2015,rel50_abs0.25,high,filtered,312,oriC,4.017140301541832e-6,142,0.1361675242364976
proteomics,peebo_2015,rel50_abs0.25,high,filtered,312,ter,0.055850910476752696,53,-0.3480042661427122
proteomics,peebo_2015,rel50_abs0.25,high,filtered,318,oriC,2.7284829098740707e-5,144,0.10932982864851473
proteomics,peebo_2015,rel50_abs0.25,high,filtered,318,ter,0.02690964229635221,54,-0.32707993836892346
proteomics,peebo_2015,rel50_abs0.25,high,filtered,307,oriC,1.4209714752016146e-6,139,0.1906017099261439
proteomics,peebo_2015,rel50_abs0.25,high,filtered,307,ter,0.08772045142970347,52,-0.19690796588673215
proteomics,peebo_2015,rel50_abs0.25,high,filtered,318,oriC,8.761234130307226e-5,143,0.13582423823629014
proteomics,peebo_2015,rel50_abs0.25,high,filtered,318,ter,0.05166563954866711,54,-0.23883238709800886
proteomics,peebo_2015,rel50_abs0.25,high,filtered,302,oriC,1.5621369798966905e-6,139,0.18950946501579397
proteomics,peebo_2015,rel50_abs0.25,high,filtered,302,ter,0.30470561197544793,51,-0.20048390544923947
proteomics,peebo_2015,rel50_abs0.25,high,filtered,316,oriC,1.9860921863548663e-6,143,0.18281117574358785
proteomics,peebo_2015,rel50_abs0.25,high,filtered,316,ter,0.23815939644801595,54,-0.3323088093393406
proteomics,peebo_2015,rel50_abs0.25,high,filtered,294,oriC,1.2549174621568323e-7,135,0.2502985534229535
proteomics,peebo_2015,rel50_abs0.25,high,filtered,294,ter,0.40901659139449337,49,-0.2566782269923811
proteomics,peebo_2015,rel50_abs0.25,high,filtered,326,oriC,8.95173088569252e-6,150,0.23738894636388475
proteomics,peebo_2015,rel50_abs0.25,high,filtered,326,ter,0.9772236531120231,56,-0.11531755415844253
proteomics,peebo_2015,rel50_abs0.25,high,filtered,326,oriC,1.4140675770694088e-5,149,0.2025422584546471
proteomics,peebo_2015,rel50_abs0.25,high,filtered,326,ter,0.9447227935086666,56,-0.07002454511029521
proteomics,peebo_2015,rel50_abs0.25,high,filtered,327,oriC,2.0467626401806814e-7,151,0.13554248838891583
proteomics,peebo_2015,rel50_abs0.25,high,filtered,327,ter,0.05171908177280821,56,-0.25657200705377026
proteomics,peebo_2015,rel50_abs0.25,high,filtered,320,oriC,1.3431455171813603e-7,148,0.15234705216238995
proteomics,peebo_2015,rel50_abs0.25,high,filtered,320,ter,0.1344388010244005,56,-0.26331043171019375
proteomics,peebo_2015,rel50_abs0.25,high,filtered,330,oriC,9.331344113255985e-7,151,0.1430264911898004
proteomics,peebo_2015,rel50_abs0.25,high,filtered,330,ter,0.05451266575184794,57,-0.3655843432888962
proteomics,peebo_2015,rel50_abs0.25,high,filtered,316,oriC,2.3528814521342852e-8,145,0.2226929530141043
proteomics,peebo_2015,rel50_abs0.25,high,filtered,316,ter,0.16567207514067495,54,-0.21234855861470242
proteomics,peebo_2015,rel50_abs0.25,high,filtered,328,oriC,1.4886528248664264e-5,150,0.14826936035657035
proteomics,peebo_2015,rel50_abs0.25,high,filtered,328,ter,0.09365225344439865,57,-0.3089274844736268
proteomics,peebo_2015,rel50_abs0.25,high,filtered,310,oriC,7.381416809261893e-8,144,0.22995186050831884
proteomics,peebo_2015,rel50_abs0.25,high,filtered,310,ter,0.2534512612518256,53,-0.214440663580652
proteomics,peebo_2015,rel50_abs0.25,high,filtered,328,oriC,1.8306158565505085e-6,150,0.20302431519035036
proteomics,peebo_2015,rel50_abs0.25,high,filtered,328,ter,0.20083420436183652,57,-0.32919632492082784
proteomics,peebo_2015,rel50_abs0.25,high,filtered,300,oriC,1.1538288418328712e-8,138,0.27524942291728205
proteomics,peebo_2015,rel50_abs0.25,high,filtered,300,ter,0.3509955678056245,51,-0.2717670502121915
proteomics,peebo_2015,rel50_abs0.25,high,filtered,338,oriC,2.4399252836768835e-9,153,0.19212948266056065
proteomics,peebo_2015,rel50_abs0.25,high,filtered,338,ter,0.00874362941123958,57,-0.17845436858107858
proteomics,peebo_2015,rel50_abs0.25,high,filtered,332,oriC,1.1099820135866378e-9,149,0.2830161351754434
proteomics,peebo_2015,rel50_abs0.25,high,filtered,332,ter,0.01408574314485198,57,-0.248014430884645
proteomics,peebo_2015,rel50_abs0.25,high,filtered,341,oriC,7.343913324234777e-8,153,0.23219797360053088
proteomics,peebo_2015,rel50_abs0.25,high,filtered,341,ter,0.005575402747546345,58,-0.27864089807453624
proteomics,peebo_2015,rel50_abs0.25,high,filtered,325,oriC,4.0303133040139527e-10,147,0.3024579099057275
proteomics,peebo_2015,rel50_abs0.25,high,filtered,325,ter,0.01876419455625536,55,-0.26361709386916954
proteomics,peebo_2015,rel50_abs0.25,high,filtered,341,oriC,7.025770743571742e-8,152,0.20870375478987557
proteomics,peebo_2015,rel50_abs0.25,high,filtered,341,ter,0.011860660715567538,58,-0.2670956059578503
proteomics,peebo_2015,rel50_abs0.25,high,filtered,316,oriC,7.750838607159822e-10,146,0.341834500218908
proteomics,peebo_2015,rel50_abs0.25,high,filtered,316,ter,0.1110485991515698,53,-0.20747654247127506
proteomics,peebo_2015,rel50_abs0.25,high,filtered,340,oriC,7.867298074863445e-9,152,0.2989278367636437
proteomics,peebo_2015,rel50_abs0.25,high,filtered,340,ter,0.03260709856806005,58,-0.36408946420758315
proteomics,peebo_2015,rel50_abs0.25,high,filtered,306,oriC,3.699072064128033e-10,140,0.3464423124457717
proteomics,peebo_2015,rel50_abs0.25,high,filtered,306,ter,0.35585792828293233,51,-0.23792348695833682
proteomics,peebo_2015,rel50_abs0.25,high,filtered,344,oriC,6.569214244902896e-9,155,0.2087729937924792
proteomics,peebo_2015,rel50_abs0.25,high,filtered,344,ter,0.016389345236193925,58,-0.29792515669430414
proteomics,peebo_2015,rel50_abs0.25,high,filtered,326,oriC,1.3240013817079133e-11,148,0.30779936837791766
proteomics,peebo_2015,rel50_abs0.25,high,filtered,326,ter,0.012094494741949194,55,-0.22733442415032298
proteomics,peebo_2015,rel50_abs0.25,high,filtered,344,oriC,1.981852264224734e-8,154,0.17701109418088157
proteomics,peebo_2015,rel50_abs0.25,high,filtered,344,ter,0.011602613152898364,58,-0.27153784622204846
proteomics,peebo_2015,rel50_abs0.25,high,filtered,318,oriC,1.2066694853380406e-10,147,0.3194480192966225
proteomics,peebo_2015,rel50_abs0.25,high,filtered,318,ter,0.03668500419470901,53,-0.1428885241583739
proteomics,peebo_2015,rel50_abs0.25,high,filtered,344,oriC,1.2794867088996735e-9,154,0.21971775388659626
proteomics,peebo_2015,rel50_abs0.25,high,filtered,344,ter,0.03454423164745777,58,-0.19861329656018695
proteomics,peebo_2015,rel50_abs0.25,high,filtered,310,oriC,1.3548331332269755e-10,142,0.3343473319897967
proteomics,peebo_2015,rel50_abs0.25,high,filtered,310,ter,0.2547547834550038,51,-0.1882824279293888
proteomics,peebo_2015,rel50_abs0.25,high,filtered,339,oriC,8.595312978170956e-5,153,0.05141465224250001
proteomics,peebo_2015,rel50_abs0.25,high,filtered,339,ter,0.06205453680739489,58,-0.19487862949432486
proteomics,peebo_2015,rel50_abs0.25,high,filtered,323,oriC,3.2548912098429794e-7,147,0.13873522181340625
proteomics,peebo_2015,rel50_abs0.25,high,filtered,323,ter,0.20431624123231845,55,-0.14176206413534684
proteomics,peebo_2015,rel50_abs0.25,high,filtered,339,oriC,4.533372094900163e-4,152,0.08030038006796153
proteomics,peebo_2015,rel50_abs0.25,high,filtered,339,ter,0.11247158016093148,58,-0.29483317274532506
proteomics,peebo_2015,rel50_abs0.25,high,filtered,315,oriC,2.806073021369062e-7,146,0.15438175782073116
proteomics,peebo_2015,rel50_abs0.25,high,filtered,315,ter,0.3856292646408875,53,-0.15511050511746216
proteomics,peebo_2015,rel50_abs0.25,high,filtered,338,oriC,3.4223481063532636e-6,152,0.16019578700779702
proteomics,peebo_2015,rel50_abs0.25,high,filtered,338,ter,0.33702947194198213,58,-0.23649600329034012
proteomics,peebo_2015,rel50_abs0.25,high,filtered,307,oriC,2.421412752597661e-7,141,0.2706951366035651
proteomics,peebo_2015,rel50_abs0.25,high,filtered,307,ter,0.37572928792195426,51,-0.15049724405555
proteomics,peebo_2015,rel50_abs0.25,high,filtered,344,oriC,2.1163011067072582e-7,155,0.1357193898672971
proteomics,peebo_2015,rel50_abs0.25,high,filtered,344,ter,0.0011159756606758712,58,-0.3222380677044948
proteomics,peebo_2015,rel50_abs0.25,high,filtered,326,oriC,1.878961394817634e-9,148,0.1915285268973645
proteomics,peebo_2015,rel50_abs0.25,high,filtered,326,ter,0.002594572990958635,55,-0.22116609758008798
proteomics,peebo_2015,rel50_abs0.25,high,filtered,344,oriC,1.5579923264222053e-6,154,0.13326549691727352
proteomics,peebo_2015,rel50_abs0.25,high,filtered,344,ter,0.0029484524410345507,58,-0.27702725529833855
proteomics,peebo_2015,rel50_abs0.25,high,filtered,318,oriC,6.5419009283264e-9,147,0.24928007857698775
proteomics,peebo_2015,rel50_abs0.25,high,filtered,318,ter,0.02237075093465202,53,-0.16761934345860088
proteomics,peebo_2015,rel50_abs0.25,high,filtered,344,oriC,1.114908453798042e-7,154,0.1796278329567338
proteomics,peebo_2015,rel50_abs0.25,high,filtered,344,ter,0.019377441058951252,58,-0.2530737157565424
proteomics,peebo_2015,rel50_abs0.25,high,filtered,310,oriC,2.1092563225008585e-9,142,0.28876646062901734
proteomics,peebo_2015,rel50_abs0.25,high,filtered,310,ter,0.056455805367702186,51,-0.18399502406199333
proteomics,peebo_2015,rel50_abs0.25,high,filtered,343,oriC,2.829937562422634e-6,154,0.1144682913777803
proteomics,peebo_2015,rel50_abs0.25,high,filtered,343,ter,0.005846366225916569,58,-0.2648598473991647
proteomics,peebo_2015,rel50_abs0.25,high,filtered,317,oriC,5.07105802086302e-9,147,0.18695816193736875
proteomics,peebo_2015,rel50_abs0.25,high,filtered,317,ter,0.016042291074141186,53,-0.1564857006364162
proteomics,peebo_2015,rel50_abs0.25,high,filtered,343,oriC,4.0810393073178666e-8,154,0.1606752223269137
proteomics,peebo_2015,rel50_abs0.25,high,filtered,343,ter,0.058874021694887,58,-0.22003822896737257
proteomics,peebo_2015,rel50_abs0.25,high,filtered,310,oriC,1.357523824800615e-9,142,0.26142817793940754
proteomics,peebo_2015,rel50_abs0.25,high,filtered,310,ter,0.02359304957563172,51,-0.16414614170905958
proteomics,peebo_2015,rel50_abs0.25,high,filtered,344,oriC,4.428341431980077e-5,154,0.08990799208227594
proteomics,peebo_2015,rel50_abs0.25,high,filtered,344,ter,0.16343158862047633,58,-0.18852938984140627
proteomics,peebo_2015,rel50_abs0.25,high,filtered,318,oriC,1.6545593323192356e-9,147,0.1873032869319479
proteomics,peebo_2015,rel50_abs0.25,high,filtered,318,ter,0.484321827602139,53,-0.040312725285995464
proteomics,peebo_2015,rel50_abs0.25,high,filtered,344,oriC,1.8568717481884706e-7,154,0.15647162069129716
proteomics,peebo_2015,rel50_abs0.25,high,filtered,344,ter,0.4907798652571994,58,-0.15093647157272025
proteomics,peebo_2015,rel50_abs0.25,high,filtered,310,oriC,7.587638365592328e-9,142,0.23998939289002297
proteomics,peebo_2015,rel50_abs0.25,high,filtered,310,ter,0.3509955678056245,51,-0.13444442217780816
proteomics,peebo_2015,rel50_abs0.25,high,filtered,333,oriC,0.0025059521372760405,150,0.03537928962651288
proteomics,peebo_2015,rel50_abs0.25,high,filtered,333,ter,0.07778512911285489,55,-0.15439302894019946
proteomics,peebo_2015,rel50_abs0.25,high,filtered,313,oriC,4.0890897357567546e-6,145,0.12563650266231408
proteomics,peebo_2015,rel50_abs0.25,high,filtered,313,ter,0.37572928792195426,51,-0.07655084934790093
proteomics,peebo_2015,rel50_abs0.25,high,filtered,333,oriC,2.702976467139355e-5,150,0.11680698411250598
proteomics,peebo_2015,rel50_abs0.25,high,filtered,333,ter,0.39045020977841016,55,-0.11027300560566665
proteomics,peebo_2015,rel50_abs0.25,high,filtered,301,oriC,1.1498456813658666e-6,139,0.2040627072208232
proteomics,peebo_2015,rel50_abs0.25,high,filtered,301,ter,0.3749759946529827,48,-0.1216978981534286
proteomics,peebo_2015,rel50_abs0.25,high,filtered,344,oriC,2.2089307613121348e-5,154,0.08370727002832587
proteomics,peebo_2015,rel50_abs0.25,high,filtered,344,ter,0.002405353581456474,58,-0.263961521107841
proteomics,peebo_2015,rel50_abs0.25,high,filtered,318,oriC,1.3749837616741163e-7,147,0.10853537019946129
proteomics,peebo_2015,rel50_abs0.25,high,filtered,318,ter,0.0040128669878380365,53,-0.18670394951679795
proteomics,peebo_2015,rel50_abs0.25,high,filtered,344,oriC,3.247259415733579e-7,154,0.13417869033921823
proteomics,peebo_2015,rel50_abs0.25,high,filtered,344,ter,0.02958519941608003,58,-0.26867208766963213
proteomics,peebo_2015,rel50_abs0.25,high,filtered,310,oriC,2.0314661141477144e-9,142,0.21232288217839526
proteomics,peebo_2015,rel50_abs0.25,high,filtered,310,ter,0.009291532479923524,51,-0.1750301963020436
proteomics,peebo_2015,rel50_abs0.25,high,filtered,339,oriC,1.2882365232728135e-6,153,0.12477905330413924
proteomics,peebo_2015,rel50_abs0.25,high,filtered,339,ter,0.005162532992301666,57,-0.22038566075553695
proteomics,peebo_2015,rel50_abs0.25,high,filtered,307,oriC,1.9951571879705064e-8,142,0.1872296347385195
proteomics,peebo_2015,rel50_abs0.25,high,filtered,307,ter,0.0034451883661316602,50,-0.13079560593145015
proteomics,peebo_2015,rel50_abs0.25,high,filtered,337,oriC,1.0328391554533902e-6,153,0.09437264896115989
proteomics,peebo_2015,rel50_abs0.25,high,filtered,337,ter,0.004828278743471786,56,-0.2581335384960371
proteomics,peebo_2015,rel50_abs0.25,high,filtered,308,oriC,1.2870990273208841e-8,142,0.17953305736206504
proteomics,peebo_2015,rel50_abs0.25,high,filtered,308,ter,0.0013693302751966567,51,-0.19816915890274006
proteomics,peebo_2015,rel50_abs0.25,high,filtered,307,oriC,9.85616943386557e-8,142,0.20156423855972436
proteomics,peebo_2015,rel50_abs0.25,high,filtered,307,ter,0.5559619018881657,50,-0.03838160818863229
proteomics,li_2014_all,rel50_abs0.25,high,filtered,757,oriC,2.048570994179288e-4,299,0.1071508341220565
proteomics,li_2014_all,rel50_abs0.25,high,filtered,757,ter,6.70185476756445e-8,159,-0.36730966733569737
proteomics,li_2014_all,rel50_abs0.25,high,filtered,744,oriC,1.0996341196678222e-10,293,0.296283136618675
proteomics,li_2014_all,rel50_abs0.25,high,filtered,744,ter,1.919765598588472e-5,158,-0.383600863042492
proteomics,valgepea_2013_prot,rel50_abs0.25,high,filtered,430,oriC,2.7622042499641566e-8,193,0.1964140465447672
proteomics,valgepea_2013_prot,rel50_abs0.25,high,filtered,430,ter,0.9664287845582363,72,-0.007439367234625635
proteomics,valgepea_2013_prot,rel50_abs0.25,high,filtered,426,oriC,1.228629629593091e-8,194,0.22876869493744667
proteomics,valgepea_2013_prot,rel50_abs0.25,high,filtered,426,ter,0.5569967526743381,71,0.015089670089537459
proteomics,valgepea_2013_prot,rel50_abs0.25,high,filtered,424,oriC,2.520566441655178e-4,193,0.11597201797171591
proteomics,valgepea_2013_prot,rel50_abs0.25,high,filtered,424,ter,0.75048046977698335,71,-0.1262453478597401
proteomics,Goelzer_2015,rel50_abs0.25,high,filtered,480,oriC,0.9011862698984892,152,-0.1651488799343918
proteomics,Goelzer_2015,rel50_abs0.25,high,filtered,480,ter,1.7168909023116611e-4,160,-0.3692372362639954
proteomics,Goelzer_2015,rel50_abs0.25,high,filtered,472,oriC,0.9757871715849737,152,-0.21548132666098388
proteomics,Goelzer_2015,rel50_abs0.25,high,filtered,472,ter,0.0012378815183323947,156,-0.6041593976472079
proteomics,Goelzer_2015,rel50_abs0.25,high,filtered,470,oriC,0.16047155668125923,151,0.013689077514821964
proteomics,Goelzer_2015,rel50_abs0.25,high,filtered,470,ter,1.338805116375848e-4,156,-0.5445573963715098
proteomics,Goelzer_2015,rel50_abs0.25,high,filtered,437,oriC,0.05097962971235929,146,-0.06253155575758014
proteomics,Goelzer_2015,rel50_abs0.25,high,filtered,437,ter,0.057696131110598646,148,-0.2559090797883775
proteomics,Goelzer_2015,rel50_abs0.25,high,filtered,624,oriC,0.014943309418730313,197,0.06696408025784921
proteomics,Goelzer_2015,rel50_abs0.25,high,filtered,624,ter,0.052845015859733335,216,-0.09276613767957005
proteomics,Goelzer_2015,rel50_abs0.25,high,filtered,607,oriC,0.24050616547875045,193,0.05450725826036419
proteomics,Goelzer_2015,rel50_abs0.25,high,filtered,607,ter,0.43697718447908157,213,-0.016458432034338718
proteomics,Goelzer_2015,rel50_abs0.25,high,filtered,592,oriC,7.476684290569854e-4,190,0.2950618050850907
proteomics,Goelzer_2015,rel50_abs0.25,high,filtered,592,ter,0.6633795078051076,209,0.1461945147015406
proteomics,Goelzer_2015,rel50_abs0.25,high,filtered,605,oriC,6.941746682808665e-4,195,0.25294733912557343
proteomics,Goelzer_2015,rel50_abs0.25,high,filtered,605,ter,0.3418397595468489,213,0.1422607396506567
proteomics,zhu_B_subtilis,rel50_abs0.25,high,filtered,712,oriC,4.707322460899536e-21,220,0.36741234215833035
proteomics,zhu_B_subtilis,rel50_abs0.25,high,filtered,712,ter,5.906728187174857e-23,249,0.3304409520853143
proteomics,zhu_B_subtilis,rel50_abs0.25,high,filtered,717,oriC,3.182768018193475e-7,222,0.16635430062000234
proteomics,zhu_B_subtilis,rel50_abs0.25,high,filtered,717,ter,0.016252121159631126,252,0.11634796881585396
proteomics,zhu_B_subtilis,rel50_abs0.25,high,filtered,714,oriC,2.5966696610100623e-19,222,0.296152367097943
proteomics,zhu_B_subtilis,rel50_abs0.25,high,filtered,714,ter,2.3971238846578192e-15,249,0.35005472216613076
proteomics,zhu_B_subtilis,rel50_abs0.25,high,filtered,713,oriC,1.152303734515741e-11,223,0.28501843286628253
proteomics,zhu_B_subtilis,rel50_abs0.25,high,filtered,713,ter,1.0453980539123119e-7,248,0.3045448947464948
proteomics,zhu_B_subtilis,rel50_abs0.25,high,filtered,678,oriC,5.28004511741722e-4,212,0.14093368652417415
proteomics,zhu_B_subtilis,rel50_abs0.25,high,filtered,678,ter,0.6659203809640628,244,0.03355681517697816
proteomics,zhu_B_subtilis,rel50_abs0.25,high,filtered,610,oriC,1.092425096679084e-5,199,0.30949918559356504
proteomics,zhu_B_subtilis,rel50_abs0.25,high,filtered,610,ter,0.8868440213882962,220,0.03628739554569006
proteomics,zhu_B_subtilis,rel50_abs0.25,high,filtered,667,oriC,1.0735645697871695e-10,214,0.3903613098340446
proteomics,zhu_B_subtilis,rel50_abs0.25,high,filtered,667,ter,0.007128694864704109,238,0.23021768930902942
proteomics,zhu_B_subtilis,rel50_abs0.25,high,filtered,607,oriC,4.774889563417655e-9,196,0.4953474527893696
proteomics,zhu_B_subtilis,rel50_abs0.25,high,filtered,607,ter,0.29466968589390774,220,0.1484705074725743
proteomics,zhu_B_subtilis,rel50_abs0.25,high,filtered,715,oriC,4.598361533200442e-22,223,0.25816615843725754
proteomics,zhu_B_subtilis,rel50_abs0.25,high,filtered,715,ter,1.1699210648345817e-27,249,0.3400309271722098
proteomics,zhu_B_subtilis,rel50_abs0.25,high,filtered,717,oriC,6.763210453509996e-14,225,0.21880961525807346
proteomics,zhu_B_subtilis,rel50_abs0.25,high,filtered,717,ter,1.660968918955212e-11,249,0.265096020490826
proteomics,zhu_B_subtilis,rel50_abs0.25,high,filtered,683,oriC,1.8171024682098896e-4,218,0.12839920226661483
proteomics,zhu_B_subtilis,rel50_abs0.25,high,filtered,683,ter,0.6398015758251338,241,0.039866514154921866
proteomics,zhu_B_subtilis,rel50_abs0.25,high,filtered,604,oriC,5.864164690648723e-8,197,0.38379721074980455
proteomics,zhu_B_subtilis,rel50_abs0.25,high,filtered,604,ter,0.1980998187840388,216,0.11908612911709404
proteomics,zhu_B_subtilis,rel50_abs0.25,high,filtered,670,oriC,1.1956643193182642e-12,216,0.397239199685939
proteomics,zhu_B_subtilis,rel50_abs0.25,high,filtered,670,ter,7.482977487328449e-4,237,0.307512383023794
proteomics,zhu_B_subtilis,rel50_abs0.25,high,filtered,609,oriC,2.3114543590139358e-11,196,0.5326841468123628
proteomics,zhu_B_subtilis,rel50_abs0.25,high,filtered,609,ter,0.03576827654464064,221,0.22669767125340629
proteomics,zhu_B_subtilis,rel50_abs0.25,high,filtered,671,oriC,0.9299050356015881,209,-0.16344455101371705
proteomics,zhu_B_subtilis,rel50_abs0.25,high,filtered,671,ter,4.520773490423758e-8,240,-0.2949545957292066
proteomics,zhu_B_subtilis,rel50_abs0.25,high,filtered,601,oriC,0.19154077595480348,196,0.03294496637833846
proteomics,zhu_B_subtilis,rel50_abs0.25,high,filtered,601,ter,7.070545204238885e-4,216,-0.2519272082951357
proteomics,zhu_B_subtilis,rel50_abs0.25,high,filtered,656,oriC,0.03949054211969968,208,0.01224898306162834
proteomics,zhu_B_subtilis,rel50_abs0.25,high,filtered,656,ter,0.0776936183437849,232,-0.08501877588767076
proteomics,zhu_B_subtilis,rel50_abs0.25,high,filtered,601,oriC,0.019772259089862906,194,0.08150986050907341
proteomics,zhu_B_subtilis,rel50_abs0.25,high,filtered,601,ter,0.02356564839486317,218,-0.10487557121415
proteomics,zhu_B_subtilis,rel50_abs0.25,high,filtered,687,oriC,2.1744483351396685e-4,216,0.09491154579048615
proteomics,zhu_B_subtilis,rel50_abs0.25,high,filtered,687,ter,0.2146442889540858,244,-0.0305490781525037
proteomics,zhu_B_subtilis,rel50_abs0.25,high,filtered,611,oriC,7.998082376573399e-7,195,0.2948072038075893
proteomics,zhu_B_subtilis,rel50_abs0.25,high,filtered,611,ter,0.8207887685978443,223,-0.0035018623718387804
proteomics,zhu_B_subtilis,rel50_abs0.25,high,filtered,672,oriC,5.28055260033759e-13,216,0.3115114194426175
proteomics,zhu_B_subtilis,rel50_abs0.25,high,filtered,672,ter,4.326845891577604e-5,238,0.22200247078997146
proteomics,zhu_B_subtilis,rel50_abs0.25,high,filtered,612,oriC,2.762988534588222e-10,197,0.4006669944518656
proteomics,zhu_B_subtilis,rel50_abs0.25,high,filtered,612,ter,0.026273520487237915,222,0.17429230442197427
proteomics,zhu_B_subtilis,rel50_abs0.25,high,filtered,600,oriC,0.013230489376623918,194,0.12747574634740003
proteomics,zhu_B_subtilis,rel50_abs0.25,high,filtered,600,ter,0.0031471593901769364,214,-0.16833481198883626
proteomics,zhu_B_subtilis,rel50_abs0.25,high,filtered,666,oriC,0.001120306659455931,214,0.10396937862878927
proteomics,zhu_B_subtilis,rel50_abs0.25,high,filtered,666,ter,0.23104086888885905,235,-0.007674211058264371
proteomics,zhu_B_subtilis,rel50_abs0.25,high,filtered,603,oriC,4.059272490110759e-5,195,0.23949025778513774
proteomics,zhu_B_subtilis,rel50_abs0.25,high,filtered,603,ter,0.054741288814126605,218,-0.04724888060561906
proteomics,zhu_B_subtilis,rel50_abs0.25,high,filtered,608,oriC,0.0015653220525356781,198,0.17087939268914148
proteomics,zhu_B_subtilis,rel50_abs0.25,high,filtered,608,ter,0.0035794477513754978,218,-0.13781218684426313
proteomics,zhu_B_subtilis,rel50_abs0.25,high,filtered,669,oriC,4.429139276323282e-7,216,0.156283207717704
proteomics,zhu_B_subtilis,rel50_abs0.25,high,filtered,669,ter,0.21871575727941883,234,0.061073980493802416
proteomics,zhu_B_subtilis,rel50_abs0.25,high,filtered,610,oriC,2.057584200893091e-6,197,0.24160053283034089
proteomics,zhu_B_subtilis,rel50_abs0.25,high,filtered,610,ter,0.5286755401149683,220,0.0031011355656281585
proteomics,zhu_B_subtilis,rel50_abs0.25,high,filtered,617,oriC,6.0291405932016755e-15,199,0.34834817374017457
proteomics,zhu_B_subtilis,rel50_abs0.25,high,filtered,617,ter,1.7470585962124712e-7,225,0.2135988521117946
proteomics,zhu_E_coli,rel50_abs0.25,high,filtered,405,oriC,0.974842223931347,185,-0.015624936419201941
proteomics,zhu_E_coli,rel50_abs0.25,high,filtered,405,ter,0.7211044276537755,70,0.026901317952412337
proteomics,zhu_E_coli,rel50_abs0.25,high,filtered,390,oriC,0.006581550759343285,177,0.06467197572311037
proteomics,zhu_E_coli,rel50_abs0.25,high,filtered,390,ter,0.3698032594449494,69,-0.15603236976858798
proteomics,zhu_E_coli,rel50_abs0.25,high,filtered,407,oriC,0.005635011485177756,185,0.09926300003479217
proteomics,zhu_E_coli,rel50_abs0.25,high,filtered,407,ter,0.017822411742412173,71,0.23050641780153988
proteomics,zhu_E_coli,rel50_abs0.25,high,filtered,405,oriC,0.071793321245988,184,0.03424330576914869
proteomics,zhu_E_coli,rel50_abs0.25,high,filtered,405,ter,0.3037120894039364,71,0.1573727007883337
proteomics,zhu_E_coli,rel50_abs0.25,high,filtered,399,oriC,1.1767723331733097e-5,181,0.2669687264789014
proteomics,zhu_E_coli,rel50_abs0.25,high,filtered,399,ter,0.5623421868775422,70,0.09169998450237965
proteomics,zhu_E_coli,rel50_abs0.25,high,filtered,380,oriC,1.614013924830389e-4,173,0.0930975955465349
proteomics,zhu_E_coli,rel50_abs0.25,high,filtered,380,ter,0.24149987734736986,67,-0.2971938928770756
proteomics,zhu_E_coli,rel50_abs0.25,high,filtered,386,oriC,3.685691250170371e-7,177,0.3616112757873617
proteomics,zhu_E_coli,rel50_abs0.25,high,filtered,386,ter,0.6358191290530131,68,-0.08133397598914438
proteomics,zhu_E_coli,rel50_abs0.25,high,filtered,406,oriC,0.20688338426522773,186,-0.0443573942585796
proteomics,zhu_E_coli,rel50_abs0.25,high,filtered,406,ter,0.6931303941869522,69,0.026112157630428866
proteomics,zhu_E_coli,rel50_abs0.25,high,filtered,390,oriC,0.01864477864828099,177,0.02337322865059305
proteomics,zhu_E_coli,rel50_abs0.25,high,filtered,390,ter,0.1682388855708094,68,-0.2097740968553567
proteomics,zhu_E_coli,rel50_abs0.25,high,filtered,406,oriC,0.03167014324391412,185,0.045613372363366454
proteomics,zhu_E_coli,rel50_abs0.25,high,filtered,406,ter,0.07522934911632195,70,0.17221280066889413
proteomics,zhu_E_coli,rel50_abs0.25,high,filtered,405,oriC,0.18082610585257608,185,0.025494364887060788
proteomics,zhu_E_coli,rel50_abs0.25,high,filtered,405,ter,0.6065585609182266,70,0.053468427377015196
proteomics,zhu_E_coli,rel50_abs0.25,high,filtered,399,oriC,4.082544807558998e-5,181,0.19594303623300868
proteomics,zhu_E_coli,rel50_abs0.25,high,filtered,399,ter,0.85295661210801,69,0.0424463293803837
proteomics,zhu_E_coli,rel50_abs0.25,high,filtered,378,oriC,0.0013196393359513503,172,0.09140787091568364
proteomics,zhu_E_coli,rel50_abs0.25,high,filtered,378,ter,0.16001794723172175,65,-0.31364297658886575
proteomics,zhu_E_coli,rel50_abs0.25,high,filtered,385,oriC,6.936042358805262e-6,177,0.27610999685811877
proteomics,zhu_E_coli,rel50_abs0.25,high,filtered,385,ter,0.2983089967222386,67,-0.14163407667101016
proteomics,zhu_E_coli,rel50_abs0.25,high,filtered,410,oriC,1.380685128817629e-5,186,0.084451885896936
proteomics,zhu_E_coli,rel50_abs0.25,high,filtered,410,ter,0.6273844860749268,72,-0.076088247239716
proteomics,zhu_E_coli,rel50_abs0.25,high,filtered,390,oriC,4.668948720999416e-6,177,0.2247473493953974
proteomics,zhu_E_coli,rel50_abs0.25,high,filtered,390,ter,0.26479064164520916,68,-0.17887332198396794
proteomics,zhu_E_coli,rel50_abs0.25,high,filtered,409,oriC,4.310473994264447e-8,185,0.2632247667253767
proteomics,zhu_E_coli,rel50_abs0.25,high,filtered,409,ter,0.53150922490881,72,0.06555291996122423
proteomics,zhu_E_coli,rel50_abs0.25,high,filtered,408,oriC,7.555676607568411e-7,184,0.22388361874990886
proteomics,zhu_E_coli,rel50_abs0.25,high,filtered,408,ter,0.6194465563120257,72,-0.06299939922822065
proteomics,zhu_E_coli,rel50_abs0.25,high,filtered,404,oriC,1.409013170642901e-9,182,0.37318909575198156
proteomics,zhu_E_coli,rel50_abs0.25,high,filtered,404,ter,0.7811821450238166,72,-0.08738084678112631
proteomics,zhu_E_coli,rel50_abs0.25,high,filtered,378,oriC,1.5842020339645777e-6,172,0.35937965750996537
proteomics,zhu_E_coli,rel50_abs0.25,high,filtered,378,ter,0.08082181410415204,67,-0.3080829090071571
proteomics,zhu_E_coli,rel50_abs0.25,high,filtered,391,oriC,1.4693397564140688e-9,179,0.4414221049312743
proteomics,zhu_E_coli,rel50_abs0.25,high,filtered,391,ter,0.8330377235122982,68,-0.051265847206668755
proteomics,zhu_E_coli,rel50_abs0.25,high,filtered,404,oriC,0.019668818179350327,184,-0.049072861714387475
proteomics,zhu_E_coli,rel50_abs0.25,high,filtered,404,ter,0.8883025723941192,70,-0.03578922182787403
proteomics,zhu_E_coli,rel50_abs0.25,high,filtered,399,oriC,4.9018751458167675e-5,181,0.13967124026418018
proteomics,zhu_E_coli,rel50_abs0.25,high,filtered,399,ter,0.3509668135785825,69,0.10986396120322606
proteomics,zhu_E_coli,rel50_abs0.25,high,filtered,380,oriC,1.5696975804301508e-5,172,0.10277591842258263
proteomics,zhu_E_coli,rel50_abs0.25,high,filtered,380,ter,0.22919767210311878,65,-0.15643189896725157
proteomics,zhu_E_coli,rel50_abs0.25,high,filtered,382,oriC,1.0380841557903523e-7,175,0.2770477223663484
proteomics,zhu_E_coli,rel50_abs0.25,high,filtered,382,ter,0.8960136477444156,65,0.04460689043113525
proteomics,zhu_E_coli,rel50_abs0.25,high,filtered,404,oriC,3.344946590648556e-11,182,0.2851478174208667
proteomics,zhu_E_coli,rel50_abs0.25,high,filtered,404,ter,0.7640050781835908,72,0.048343652217725505
proteomics,zhu_E_coli,rel50_abs0.25,high,filtered,379,oriC,2.476087982737569e-5,173,0.2826200809511237
proteomics,zhu_E_coli,rel50_abs0.25,high,filtered,379,ter,0.19914043998092446,66,-0.11926995906890306
proteomics,zhu_E_coli,rel50_abs0.25,high,filtered,391,oriC,1.3003318643465814e-9,178,0.3812127218270246
proteomics,zhu_E_coli,rel50_abs0.25,high,filtered,391,ter,0.9725928296996523,67,-0.10609189789390053
proteomics,zhu_E_coli,rel50_abs0.25,high,filtered,378,oriC,1.5557778000340714e-4,172,0.22391157267155842
proteomics,zhu_E_coli,rel50_abs0.25,high,filtered,378,ter,0.719458842813654,67,-0.020331128225828148
proteomics,zhu_E_coli,rel50_abs0.25,high,filtered,389,oriC,5.508189987965615e-10,178,0.29716993418115367
proteomics,zhu_E_coli,rel50_abs0.25,high,filtered,389,ter,0.5549841600966938,67,-0.06525783630756972
proteomics,zhu_E_coli,rel50_abs0.25,high,filtered,390,oriC,2.3583965034498645e-13,178,0.31659487805284525
proteomics,zhu_E_coli,rel50_abs0.25,high,filtered,390,ter,0.698010522740065,68,0.04755089349487954
proteomics,zhu_E_coli,rel50_abs0.25,high,filtered,394,oriC,9.880210610504535e-8,179,0.11895901512823151
proteomics,zhu_E_coli,rel50_abs0.25,high,filtered,394,ter,0.08748108660519378,70,-0.11393144063276872
proteomics,zhu_E_coli,rel50_abs0.25,high,filtered,386,oriC,0.04038542422411632,176,0.16025797604137393
proteomics,zhu_E_coli,rel50_abs0.25,high,filtered,386,ter,0.23899889859215911,67,0.14480670946318178
proteomics,zhu_V_natriegens,rel50_abs0.25,high,filtered,899,oriC,1.3066817881880073e-9,397,0.19751657569205835
proteomics,zhu_V_natriegens,rel50_abs0.25,high,filtered,899,ter,2.5590500671431825e-5,178,0.20351214703283133
proteomics,zhu_V_natriegens,rel50_abs0.25,high,filtered,914,oriC,0.15712931177168957,402,0.002051571201130929
proteomics,zhu_V_natriegens,rel50_abs0.25,high,filtered,914,ter,0.09118367481435911,180,0.04324783664664411
proteomics,zhu_V_natriegens,rel50_abs0.25,high,filtered,900,oriC,5.7941870869091094e-5,398,0.17885828677594878
proteomics,zhu_V_natriegens,rel50_abs0.25,high,filtered,900,ter,0.0432652239519825,175,0.10625405241659124
proteomics,zhu_V_natriegens,rel50_abs0.25,high,filtered,915,oriC,0.06159700021986623,401,0.05909637470438882
proteomics,zhu_V_natriegens,rel50_abs0.25,high,filtered,915,ter,0.006783092213804974,179,0.1505644993505461
proteomics,zhu_V_natriegens,rel50_abs0.25,high,filtered,891,oriC,0.019847957571332554,392,0.032341935254671786
proteomics,zhu_V_natriegens,rel50_abs0.25,high,filtered,891,ter,0.38096017449399183,174,-0.05022655344748847
proteomics,zhu_V_natriegens,rel50_abs0.25,high,filtered,848,oriC,0.054567600643217945,379,0.08591817207514289
proteomics,zhu_V_natriegens,rel50_abs0.25,high,filtered,848,ter,0.652237485459022,161,0.029232838942022294
proteomics,zhu_V_natriegens,rel50_abs0.25,high,filtered,906,oriC,0.06461950334123097,400,-0.0041745933608135985
proteomics,zhu_V_natriegens,rel50_abs0.25,high,filtered,906,ter,0.02479153745582212,175,0.09844050229608721
proteomics,zhu_V_natriegens,rel50_abs0.25,high,filtered,860,oriC,0.14397542468393243,381,0.014465303852421804
proteomics,zhu_V_natriegens,rel50_abs0.25,high,filtered,860,ter,0.9073297926074781,168,-0.013443542704972408
proteomics,zhu_V_natriegens,rel50_abs0.25,high,filtered,759,oriC,0.25968783062485895,335,-0.009269507792193236
proteomics,zhu_V_natriegens,rel50_abs0.25,high,filtered,759,ter,0.9676455153383249,140,0.008496564759092025
proteomics,zhu_V_natriegens,rel50_abs0.25,high,filtered,792,oriC,0.17386088422395532,349,-0.09640782994452199
proteomics,zhu_V_natriegens,rel50_abs0.25,high,filtered,792,ter,0.5267545676710488,146,0.13651072502797168
proteomics,zhu_V_natriegens,rel50_abs0.25,high,filtered,904,oriC,0.3271865814270002,399,-0.0754598252800035
proteomics,zhu_V_natriegens,rel50_abs0.25,high,filtered,904,ter,0.13581002298486766,179,-0.05122519574052792
proteomics,zhu_V_natriegens,rel50_abs0.25,high,filtered,909,oriC,5.177802504040713e-12,401,-0.1676307944296285
proteomics,zhu_V_natriegens,rel50_abs0.25,high,filtered,909,ter,0.007447490433323763,181,-0.10732793612048946
proteomics,zhu_V_natriegens,rel50_abs0.25,high,filtered,899,oriC,0.015060467544023685,395,-0.16959994116024932
proteomics,zhu_V_natriegens,rel50_abs0.25,high,filtered,899,ter,0.0023094245841773853,179,-0.14302298670733138
proteomics,zhu_V_natriegens,rel50_abs0.25,high,filtered,860,oriC,0.20405931888123008,383,-0.20192307322736763
proteomics,zhu_V_natriegens,rel50_abs0.25,high,filtered,860,ter,0.7786187139392124,168,-0.05346347109436912
proteomics,zhu_V_natriegens,rel50_abs0.25,high,filtered,906,oriC,0.07741437374392143,399,-0.17792258775127168
proteomics,zhu_V_natriegens,rel50_abs0.25,high,filtered,906,ter,0.17544288605745853,180,-0.10815222503772041
proteomics,zhu_V_natriegens,rel50_abs0.25,high,filtered,870,oriC,0.11777727042934528,389,-0.14978987914577585
proteomics,zhu_V_natriegens,rel50_abs0.25,high,filtered,870,ter,0.30979812836781256,169,-0.14532014592891163
proteomics,zhu_V_natriegens,rel50_abs0.25,high,filtered,768,oriC,0.3612982659318973,339,-0.19362171594441055
proteomics,zhu_V_natriegens,rel50_abs0.25,high,filtered,768,ter,0.7732151963933506,145,-0.04987587517567099
proteomics,zhu_V_natriegens,rel50_abs0.25,high,filtered,791,oriC,0.8937153859346478,349,-0.14070135828750868
proteomics,zhu_V_natriegens,rel50_abs0.25,high,filtered,791,ter,0.54206367430953994,148,-0.09190223624599718
proteomics,zhu_V_natriegens,rel50_abs0.25,high,filtered,923,oriC,0.009080458515810323,403,0.049567749677799394
proteomics,zhu_V_natriegens,rel50_abs0.25,high,filtered,923,ter,0.05039160664945327,184,0.12590436359416948
proteomics,zhu_V_natriegens,rel50_abs0.25,high,filtered,909,oriC,4.571155555710089e-4,397,0.10574850897839481
proteomics,zhu_V_natriegens,rel50_abs0.25,high,filtered,909,ter,0.6370977594265378,181,0.0012027832034127198
proteomics,zhu_V_natriegens,rel50_abs0.25,high,filtered,864,oriC,0.030022479092189237,384,0.13115290617954511
proteomics,zhu_V_natriegens,rel50_abs0.25,high,filtered,864,ter,0.33997094352615387,168,0.08497513228650024
proteomics,zhu_V_natriegens,rel50_abs0.25,high,filtered,921,oriC,5.337992095896882e-4,402,0.06809489798745433
proteomics,zhu_V_natriegens,rel50_abs0.25,high,filtered,921,ter,0.12753329838136684,183,0.0672612897525871
proteomics,zhu_V_natriegens,rel50_abs0.25,high,filtered,882,oriC,0.08064553626031783,391,0.05339735653266191
proteomics,zhu_V_natriegens,rel50_abs0.25,high,filtered,882,ter,0.8224934741759765,173,0.03380068018314382
proteomics,zhu_V_natriegens,rel50_abs0.25,high,filtered,776,oriC,0.05877926074020835,342,0.09685116611449197
proteomics,zhu_V_natriegens,rel50_abs0.25,high,filtered,776,ter,0.6966204661865261,144,0.08862566800490246
proteomics,zhu_V_natriegens,rel50_abs0.25,high,filtered,807,oriC,0.013606751437306249,358,0.06959588191225721
proteomics,zhu_V_natriegens,rel50_abs0.25,high,filtered,807,ter,0.3538002309924845,147,0.18136141414753823
proteomics,zhu_V_natriegens,rel50_abs0.25,high,filtered,888,oriC,0.14402568636005825,392,-0.08023930516232908
proteomics,zhu_V_natriegens,rel50_abs0.25,high,filtered,888,ter,0.3227424033527173,174,-0.10519446568447896
proteomics,zhu_V_natriegens,rel50_abs0.25,high,filtered,780,oriC,0.32364173017435244,342,-0.041248840356083664
proteomics,zhu_V_natriegens,rel50_abs0.25,high,filtered,780,ter,0.933546024918009,149,0.09927831524336939
proteomics,zhu_V_natriegens,rel50_abs0.25,high,filtered,812,oriC,0.267006088549372,358,-0.004644000464101617
proteomics,zhu_V_natriegens,rel50_abs0.25,high,filtered,812,ter,0.3515009619981168,152,-0.07806905890886234
proteomics,zhu_V_natriegens,rel50_abs0.25,high,filtered,898,oriC,0.35045088251699286,394,0.005628033638963535
proteomics,zhu_V_natriegens,rel50_abs0.25,high,filtered,898,ter,0.31621392561145856,178,-0.04118865681190735
proteomics,zhu_V_natriegens,rel50_abs0.25,high,filtered,788,oriC,0.23295475048064804,347,0.03035037825295259
proteomics,zhu_V_natriegens,rel50_abs0.25,high,filtered,788,ter,0.5495049006016266,147,0.016350780600158557
proteomics,zhu_V_natriegens,rel50_abs0.25,high,filtered,822,oriC,0.10847524892276333,360,0.00206267772598564
proteomics,zhu_V_natriegens,rel50_abs0.25,high,filtered,822,ter,0.5178686797018395,153,0.07892429230086018
proteomics,zhu_V_natriegens,rel50_abs0.25,high,filtered,891,oriC,0.838596301715355,389,-2.6875315329413252e-5
proteomics,zhu_V_natriegens,rel50_abs0.25,high,filtered,891,ter,0.5041500966827974,177,0.059798999357967876
proteomics,zhu_V_natriegens,rel50_abs0.25,high,filtered,788,oriC,0.008185091754534333,337,0.05644166243036283
proteomics,zhu_V_natriegens,rel50_abs0.25,high,filtered,788,ter,0.230702868385133,153,0.1810991707258554
proteomics,zhu_V_natriegens,rel50_abs0.25,high,filtered,816,oriC,0.004656492953735894,352,0.07319503239785405
proteomics,zhu_V_natriegens,rel50_abs0.25,high,filtered,816,ter,0.8337371566926247,155,0.06675793909303829
proteomics,zhu_V_natriegens,rel50_abs0.25,high,filtered,862,oriC,0.369609374584635,386,-0.08324436523841455
proteomics,zhu_V_natriegens,rel50_abs0.25,high,filtered,862,ter,0.0711824212905743,161,-0.11486582326073186
proteomics,zhu_V_natriegens,rel50_abs0.25,high,filtered,830,oriC,0.010043872944094707,362,0.0977964154838161
proteomics,zhu_V_natriegens,rel50_abs0.25,high,filtered,830,ter,0.9337949642419698,155,0.044168896757650254
