dataset,species,dataset_type,outcome_raw,outcome_label,gene_class,filter_mode,estimate,std_error,residual_df,t_statistic,p_value,confidence_interval_low,confidence_interval_high,n_obs,p_value_fdr
E. coli consensus,E. coli,Consensus,Mean_Str,Mean promoter strength,Core,Full (All Genes),-0.07615098054180566,0.08854412100114409,2680,-0.8600342934210359,0.3898470651664151,-0.24977268067012193,0.0974707195865106,2684,0.6237553042662642
E. coli consensus,E. coli,Consensus,Mean_Str,Mean promoter strength,Accessory,Full (All Genes),0.1803916045599496,0.04713094693500865,2680,3.827455552902451,1.3243588085473735e-4,0.08797490830737824,0.27280830081252094,2684,0.0010594870468378988
E. coli consensus,E. coli,Consensus,Mean_Str,Mean promoter strength,Core,Excl. Trans/Transl (Sensitivity),-0.01532139617839535,0.08952931976426581,2647,-0.1711327218696309,0.864132487267947,-0.19087591173982027,0.1602331193830296,2651,0.9917461070817164
E. coli consensus,E. coli,Consensus,Mean_Str,Mean promoter strength,Accessory,Excl. Trans/Transl (Sensitivity),0.18034981026284377,0.0465719139604312,2647,3.872501577153862,1.103322387507504e-4,0.08902877916800969,0.27167084135767783,2651,9.709237010066036e-4
E. coli consensus,E. coli,Consensus,Diff_Promoter,Growth dependence in promoter strength,Core,Full (All Genes),-1.5674132694087084e-4,0.10543749775950194,2680,-0.0014865804886454207,0.9988139914570369,-0.20690381172864183,0.20659032907476008,2684,0.9988139914570369
E. coli consensus,E. coli,Consensus,Diff_Promoter,Growth dependence in promoter strength,Accessory,Full (All Genes),-0.0279078171382698,0.05612308367484918,2680,-0.49726093633690194,0.6190458466209987,-0.13795674070198288,0.08214110642544327,2684,0.8646989603594902
E. coli consensus,E. coli,Consensus,Diff_Promoter,Growth dependence in promoter strength,Core,Excl. Trans/Transl (Sensitivity),0.03680726141507046,0.10794367425971538,2647,0.34098581197552347,0.7331413248769458,-0.17485523632846958,0.2484697591586105,2651,0.9086822054812849
E. coli consensus,E. coli,Consensus,Diff_Promoter,Growth dependence in promoter strength,Accessory,Excl. Trans/Transl (Sensitivity),-0.02503909301910732,0.056150806500406075,2647,-0.44592579483121475,0.6556873198707827,-0.13514299707553656,0.08506481103732194,2651,0.8742497598277101
E. coli consensus,E. coli,Consensus,mean_ln,Mean expression,Core,Full (All Genes),-1.0928100807943595,0.3106561378909622,3716,-3.5177482351175273,4.404358492883662e-4,-1.7018833070922064,-0.4837368544965127,3720,0.002981411902875094
E. coli consensus,E. coli,Consensus,mean_ln,Mean expression,Accessory,Full (All Genes),-0.0075735193151837965,0.1749045313283869,3716,-0.043300875384208064,0.9654640198677917,-0.3504917951732468,0.3353447565428792,3720,0.9988139914570369
E. coli consensus,E. coli,Consensus,mean_ln,Mean expression,Core,Excl. Trans/Transl (Sensitivity),-0.38939893883959464,0.3156213001010673,3656,-1.2337536747833637,0.21737401321887287,-1.0082101838656987,0.22941230618650932,3660,0.4448584456572282
E. coli consensus,E. coli,Consensus,mean_ln,Mean expression,Accessory,Excl. Trans/Transl (Sensitivity),-0.001921173116031183,0.1725718201108774,3656,-0.011132600414116447,0.9911182608911966,-0.34026773852539083,0.33642539229332846,3660,0.9988139914570369
E. coli consensus,E. coli,Consensus,slope,Growth slope,Core,Full (All Genes),-0.9000029711201498,0.17852089326910783,3716,-5.041443355111706,4.84083369069788e-7,-1.2500114955393686,-0.549994446700931,3720,7.099889413023557e-6
E. coli consensus,E. coli,Consensus,slope,Growth slope,Accessory,Full (All Genes),-0.5808404251931517,0.10051020843025382,3716,-5.778919716361043,8.136250477280847e-9,-0.7779009994347937,-0.3837798509515097,3720,1.4319800840014293e-7
E. coli consensus,E. coli,Consensus,slope,Growth slope,Core,Excl. Trans/Transl (Sensitivity),-0.6378404248558709,0.18366098738946304,3656,-3.472922768858341,5.207949343887493e-4,-0.9979285565276055,-0.27775229318413625,3660,0.0032735681590149958
E. coli consensus,E. coli,Consensus,slope,Growth slope,Accessory,Excl. Trans/Transl (Sensitivity),-0.5816769567365808,0.1004200631168155,3656,-5.792437673136436,7.522694663484793e-9,-0.7785618446165113,-0.3847920688566503,3660,1.4319800840014293e-7
B. subtilis consensus,B. subtilis,Consensus,mean_ln,Mean expression,Core,Full (All Genes),-0.15692880976153467,0.30929675635377657,1818,-0.5073729566760733,0.6119546973192771,-0.7635431720615036,0.44968555253843423,1822,0.8646989603594902
B. subtilis consensus,B. subtilis,Consensus,mean_ln,Mean expression,Accessory,Full (All Genes),0.9671260232063068,0.4829182271421063,1818,2.0026703670510138,0.045360932557163794,0.019993127749210915,1.9142589186634027,1822,0.14784303944557087
B. subtilis consensus,B. subtilis,Consensus,mean_ln,Mean expression,Core,Excl. Trans/Transl (Sensitivity),0.5721718084519269,0.31584552157543094,1761,1.8115558694577836,0.07022514302741388,-0.04729980667766365,1.1916434235815174,1765,0.20599375288041402
B. subtilis consensus,B. subtilis,Consensus,mean_ln,Mean expression,Accessory,Excl. Trans/Transl (Sensitivity),0.9745269156782421,0.47432462886008514,1761,2.0545568506958243,0.040069104890839216,0.04422832391705667,1.9048255074394276,1765,0.13561850886130197
B. subtilis consensus,B. subtilis,Consensus,slope,Growth slope,Core,Full (All Genes),-0.05396235510093053,0.3059314169798068,1818,-0.17638709889181584,0.8600094852835085,-0.6539763791938973,0.5460516689920363,1822,0.9917461070817164
B. subtilis consensus,B. subtilis,Consensus,slope,Growth slope,Accessory,Full (All Genes),0.6473830236666724,0.47766377913764646,1818,1.3553111036290626,0.17548681655458748,-0.2894444820312825,1.5842105293646274,1822,0.3744164586128075
B. subtilis consensus,B. subtilis,Consensus,slope,Growth slope,Core,Excl. Trans/Transl (Sensitivity),0.3374794403253415,0.3177370698972823,1761,1.0621343000186962,0.2883203551278982,-0.2857020912475413,0.9606609718982243,1765,0.4974939461030401
B. subtilis consensus,B. subtilis,Consensus,slope,Growth slope,Accessory,Excl. Trans/Transl (Sensitivity),0.6523797750194085,0.4771652832130669,1761,1.36719874217694,0.17173750438137453,-0.2834902262437675,1.5882497762825845,1765,0.3744164586128075
Schmidt (E. coli),E. coli,Individual,mean_ln,Mean expression,Core,Full (All Genes),-0.999996445744157,0.3552488226401551,2036,-2.814918395259795,0.004925897151694221,-1.6966855083354555,-0.30330738315285843,2040,0.022814681544689023
Schmidt (E. coli),E. coli,Individual,mean_ln,Mean expression,Accessory,Full (All Genes),-0.16133262481498134,0.2351577696546314,2036,-0.686061213507533,0.4927526235979003,-0.6225075412697985,0.2998422916398357,2040,0.7519250349655784
Schmidt (E. coli),E. coli,Individual,mean_ln,Mean expression,Core,Excl. Trans/Transl (Sensitivity),-0.16778810362837915,0.3636481907230427,1978,-0.4614022781050157,0.644560750787581,-0.8809618564870058,0.5453856492302475,1982,0.8742497598277101
Schmidt (E. coli),E. coli,Individual,mean_ln,Mean expression,Accessory,Excl. Trans/Transl (Sensitivity),-0.15781149040740078,0.23153913213370866,1978,-0.6815758915269156,0.49558695486367665,-0.6118977089283913,0.2962747281135898,1982,0.7519250349655784
Schmidt (E. coli),E. coli,Individual,slope,Growth slope,Core,Full (All Genes),-0.5215024496857393,0.1567530925177228,2036,-3.3269037395659504,8.93786163824927e-4,-0.828915615119592,-0.21408928425188667,2040,0.005243545494439571
Schmidt (E. coli),E. coli,Individual,slope,Growth slope,Accessory,Full (All Genes),-0.09311293557857603,0.10376306766897411,2036,-0.8973610521580353,0.3696323845360391,-0.2966057826727405,0.11037991151558849,2040,0.6137292422485178
Schmidt (E. coli),E. coli,Individual,slope,Growth slope,Core,Excl. Trans/Transl (Sensitivity),-0.3369693542335854,0.1640171411288373,1978,-2.054476452365989,0.04006072394129894,-0.658633872457693,-0.015304836009477907,1982,0.13561850886130197
Schmidt (E. coli),E. coli,Individual,slope,Growth slope,Accessory,Excl. Trans/Transl (Sensitivity),-0.09372081460004592,0.10443166632154678,1978,-0.8974367440569033,0.36959512992855637,-0.2985284426532275,0.11108681345313565,1982,0.6137292422485178
Peebo (E. coli),E. coli,Individual,mean_ln,Mean expression,Core,Full (All Genes),-0.5199906595849255,0.4590347333296605,1089,-1.1327915336887784,0.25755115000917495,-1.4206832565563348,0.3807019373864837,1093,0.4643549831449588
Peebo (E. coli),E. coli,Individual,mean_ln,Mean expression,Accessory,Full (All Genes),0.1720151738158996,0.3352614161137994,1089,0.5130777523098919,0.608000996699122,-0.48581625726883537,0.8298466049006346,1093,0.8646989603594902
Peebo (E. coli),E. coli,Individual,mean_ln,Mean expression,Core,Excl. Trans/Transl (Sensitivity),0.7597048063550313,0.4695760958410135,1033,1.6178523844881747,0.10599969487002472,-0.16172704810573135,1.681136660815794,1037,0.257561541075504
Peebo (E. coli),E. coli,Individual,mean_ln,Mean expression,Accessory,Excl. Trans/Transl (Sensitivity),0.17628847778475343,0.32510656034337454,1033,0.5422482942163922,0.5877644217975129,-0.4616561353413373,0.8142330909108442,1037,0.8620544853030189
Peebo (E. coli),E. coli,Individual,slope,Growth slope,Core,Full (All Genes),-1.6536771133197519,0.9626130379037321,1089,-1.7179043376775154,0.08609833402325391,-3.5424632422016202,0.23510901556211627,1093,0.24440817400149498
Peebo (E. coli),E. coli,Individual,slope,Growth slope,Accessory,Full (All Genes),-0.842641911726157,0.7030557533550343,1089,-1.1985420895924785,0.23096680243638829,-2.222139074635332,0.5368552511830182,1093,0.4514052966006653
Peebo (E. coli),E. coli,Individual,slope,Growth slope,Core,Excl. Trans/Transl (Sensitivity),-0.4420552560212368,1.0324494082328484,1033,-0.4281616634154146,0.6686226778628925,-2.467992652091345,1.5838821400488714,1037,0.87819097987962
Peebo (E. coli),E. coli,Individual,slope,Growth slope,Accessory,Excl. Trans/Transl (Sensitivity),-0.8425624728082152,0.7148065644993531,1033,-1.178727944948773,0.2387779586865487,-2.2452010315869106,0.5600760859704802,1037,0.4514052966006653
Li (E. coli),E. coli,Individual,mean_ln,Mean expression,Core,Full (All Genes),-1.0875453721136359,0.2992948950193952,3685,-3.6336916874013494,2.8320520047563915e-4,-1.674345324684437,-0.5007454195428347,3689,0.002076838136821354
Li (E. coli),E. coli,Individual,mean_ln,Mean expression,Accessory,Full (All Genes),-0.19138754761226973,0.1693736119934057,3685,-1.129972640718798,0.25856129743298845,-0.5234627989393432,0.14068770371480382,3689,0.4643549831449588
Li (E. coli),E. coli,Individual,mean_ln,Mean expression,Core,Excl. Trans/Transl (Sensitivity),-0.35433095656300334,0.30221283668372423,3625,-1.1724550169714414,0.2410914652299008,-0.9468550710765766,0.23819315795057,3629,0.4514052966006653
Li (E. coli),E. coli,Individual,mean_ln,Mean expression,Accessory,Excl. Trans/Transl (Sensitivity),-0.18525167885460028,0.16606981270235208,3625,-1.1155048340219904,0.26470809077555923,-0.5108512456985308,0.14034788798933026,3629,0.4658862397649843
Li (E. coli),E. coli,Individual,slope,Growth slope,Core,Full (All Genes),-0.8827369372967802,0.21092236229926387,3685,-4.185127303117925,2.91658501253119e-5,-1.296272999063917,-0.4692008755296432,3689,2.851772012252719e-4
Li (E. coli),E. coli,Individual,slope,Growth slope,Accessory,Full (All Genes),-0.8601308399792125,0.11936281890305203,3685,-7.206019829992633,6.953851600829307e-13,-1.0941545324531157,-0.6261071475053093,3689,3.6427754976727493e-11
Li (E. coli),E. coli,Individual,slope,Growth slope,Core,Excl. Trans/Transl (Sensitivity),-0.6664493499864022,0.2180057740656407,3625,-3.057026139985342,0.002251746422641865,-1.0938755296766924,-0.2390231702961118,3629,0.011008538066249117
Li (E. coli),E. coli,Individual,slope,Growth slope,Accessory,Excl. Trans/Transl (Sensitivity),-0.8604181945750309,0.11979695655681605,3625,-7.18230428639446,8.279035221983521e-13,-1.0952943381040832,-0.6255420510459786,3629,3.6427754976727493e-11
Valgepea (E. coli),E. coli,Individual,mean_ln,Mean expression,Core,Full (All Genes),-0.7715731362478091,0.3141988991036998,1197,-2.4556837673487686,0.014203018814219004,-1.388014976126922,-0.15513129636869605,1201,0.06249328278256362
Valgepea (E. coli),E. coli,Individual,mean_ln,Mean expression,Accessory,Full (All Genes),0.0141180595210042,0.21100950758739578,1197,0.06690721988039705,0.946666738578002,-0.39987158035430703,0.42810769939631543,1201,0.9917461070817164
Valgepea (E. coli),E. coli,Individual,mean_ln,Mean expression,Core,Excl. Trans/Transl (Sensitivity),0.14570170155893733,0.32215830114195687,1141,0.45226741338797555,0.6511623170770313,-0.4863874694417547,0.7777908725596294,1145,0.8742497598277101
Valgepea (E. coli),E. coli,Individual,mean_ln,Mean expression,Accessory,Excl. Trans/Transl (Sensitivity),0.017644158349302025,0.20450371854271313,1141,0.08627793408860106,0.9312606164846693,-0.38360139534904225,0.41888971204764625,1145,0.9917461070817164
Valgepea (E. coli),E. coli,Individual,slope,Growth slope,Core,Full (All Genes),-1.0813311953126323,1.2401283953002546,1197,-0.8719510007274892,0.3834099671638377,-3.514398376216129,1.3517359855908642,1201,0.6237553042662642
Valgepea (E. coli),E. coli,Individual,slope,Growth slope,Accessory,Full (All Genes),-1.3964978658238172,0.83284468145475,1197,-1.6767806734198272,0.093846483926356,-3.0304956590498673,0.23749992740223314,1201,0.257561541075504
Valgepea (E. coli),E. coli,Individual,slope,Growth slope,Core,Excl. Trans/Transl (Sensitivity),-0.13004648159234217,1.341291887778732,1141,-0.09695613816594964,0.9227782541801495,-2.7617218859223014,2.501628922737617,1145,0.9917461070817164
Valgepea (E. coli),E. coli,Individual,slope,Growth slope,Accessory,Excl. Trans/Transl (Sensitivity),-1.3960422521880822,0.8514422187155071,1141,-1.6396206595136467,0.10135971849111707,-3.0666104302395496,0.2745259258633852,1145,0.257561541075504
Zhu (E. coli),E. coli,Individual,mean_ln,Mean expression,Core,Full (All Genes),-1.844179506289916,0.41760379099751416,1700,-4.416098574883133,1.0683079680713144e-5,-2.6632510512602465,-1.0251079613195853,1704,1.175138764878446e-4
Zhu (E. coli),E. coli,Individual,mean_ln,Mean expression,Accessory,Full (All Genes),-0.03467609959643392,0.2823265873247833,1700,-0.12282264991409815,0.9022620559298529,-0.5884202921813325,0.5190680929884647,1704,0.9917461070817164
Zhu (E. coli),E. coli,Individual,mean_ln,Mean expression,Core,Excl. Trans/Transl (Sensitivity),-0.8972158522850394,0.42411610990011067,1644,-2.115495807259844,0.03453775066233023,-1.7290805902943767,-0.06535111427570228,1648,0.12663841909521084
Zhu (E. coli),E. coli,Individual,mean_ln,Mean expression,Accessory,Excl. Trans/Transl (Sensitivity),-0.0332769037720867,0.27578607946296135,1644,-0.12066201396708225,0.9039734921074954,-0.5742059309507799,0.5076521234066065,1648,0.9917461070817164
Zhu (E. coli),E. coli,Individual,slope,Growth slope,Core,Full (All Genes),1.3667032146405986,0.5879063158565181,1700,2.324695581215954,0.020205503794681296,0.21360703877451326,2.519799390506684,1704,0.08082201517872518
Zhu (E. coli),E. coli,Individual,slope,Growth slope,Accessory,Full (All Genes),0.6303248504804427,0.3974618703196707,1700,1.5858750173280396,0.11295364281256381,-0.1492411285828742,1.4098908295437598,1704,0.26157685703962147
Zhu (E. coli),E. coli,Individual,slope,Growth slope,Core,Excl. Trans/Transl (Sensitivity),1.3848518566285746,0.6194627327517285,1644,2.23556928191127,0.025513787091648105,0.16983268650454386,2.5998710267526053,1648,0.09761796800282754
Zhu (E. coli),E. coli,Individual,slope,Growth slope,Accessory,Excl. Trans/Transl (Sensitivity),0.629762884872442,0.40281233004624134,1644,1.5634151139319583,0.1181474478055632,-0.16031644854351257,1.4198422182883967,1648,0.26658911299716825
Goelzer (B. subtilis),B. subtilis,Individual,mean_ln,Mean expression,Core,Full (All Genes),-0.7142878776185376,0.30445808471819463,995,-2.3460959438133497,0.01916670133231625,-1.3117415138375563,-0.11683424139951892,999,0.08031760558303952
Goelzer (B. subtilis),B. subtilis,Individual,mean_ln,Mean expression,Accessory,Full (All Genes),-0.18873310041831115,0.5435380387144565,995,-0.3472307124349408,0.7284914291773779,-1.255345530677415,0.8778793298407929,999,0.9086822054812849
Goelzer (B. subtilis),B. subtilis,Individual,mean_ln,Mean expression,Core,Excl. Trans/Transl (Sensitivity),-0.18785985871205588,0.32329480212494227,942,-0.5810791187402219,0.5613261297882225,-0.8223212210796487,0.44660150365553686,946,0.8372321935824336
Goelzer (B. subtilis),B. subtilis,Individual,mean_ln,Mean expression,Accessory,Excl. Trans/Transl (Sensitivity),-0.20453781878244534,0.5413346059789161,942,-0.37783990996210515,0.7056346430191932,-1.2668991352918686,0.8578234977269779,946,0.9086822054812849
Goelzer (B. subtilis),B. subtilis,Individual,slope,Growth slope,Core,Full (All Genes),-0.23187281861852016,0.9096145032916522,995,-0.2549132822524644,0.7988427546334786,-2.016855776296165,1.5531101390591249,999,0.9763633667742517
Goelzer (B. subtilis),B. subtilis,Individual,slope,Growth slope,Accessory,Full (All Genes),2.6575035061272567,1.6239019685188965,995,1.6364925701463813,0.1020527724440359,-0.5291621948438854,5.844169207098399,999,0.257561541075504
Goelzer (B. subtilis),B. subtilis,Individual,slope,Growth slope,Core,Excl. Trans/Transl (Sensitivity),0.3410541918630187,0.9904361318427475,942,0.3443474858176602,0.7306618331295001,-1.6026623585323259,2.284770742258363,946,0.9086822054812849
Goelzer (B. subtilis),B. subtilis,Individual,slope,Growth slope,Accessory,Excl. Trans/Transl (Sensitivity),2.6658050958795303,1.6584162493623058,942,1.6074402894355295,0.10829292067947327,-0.5888127514446055,5.920422943203667,946,0.257561541075504
Zhu (B. subtilis),B. subtilis,Individual,mean_ln,Mean expression,Core,Full (All Genes),-0.37077870866389184,0.31494906993554805,1767,-1.1772656091341018,0.23924805589890458,-0.9884906598247933,0.24693324249700965,1771,0.4514052966006653
Zhu (B. subtilis),B. subtilis,Individual,mean_ln,Mean expression,Accessory,Full (All Genes),0.9409468997200543,0.496273327099258,1767,1.8960255333888993,0.05811967356244007,-0.03239766438464009,1.9142914638247488,1771,0.1763631473618871
Zhu (B. subtilis),B. subtilis,Individual,mean_ln,Mean expression,Core,Excl. Trans/Transl (Sensitivity),0.43078199793501776,0.32020678356521204,1711,1.3453243967496598,0.17869876433793083,-0.19725603538184672,1.0588200312518823,1715,0.3744164586128075
Zhu (B. subtilis),B. subtilis,Individual,mean_ln,Mean expression,Accessory,Excl. Trans/Transl (Sensitivity),0.9515599110693773,0.4853115409218108,1711,1.9607197250285142,0.05007375082932414,-3.065744338502929e-4,1.903426396572605,1715,0.15737464546359015
Zhu (B. subtilis),B. subtilis,Individual,slope,Growth slope,Core,Full (All Genes),-0.43830219927780184,0.2725331252896097,1767,-1.60825293737059,0.10795843745094347,-0.9728234430238911,0.0962190444682875,1771,0.257561541075504
Zhu (B. subtilis),B. subtilis,Individual,slope,Growth slope,Accessory,Full (All Genes),0.087242732996409,0.4294374352650465,1767,0.20315586353705575,0.8390365999178216,-0.7550160998154816,0.9295015658082995,1771,0.9917461070817164
Zhu (B. subtilis),B. subtilis,Individual,slope,Growth slope,Core,Excl. Trans/Transl (Sensitivity),-6.805185324405504e-4,0.2828764617253265,1711,-0.002405709291928768,0.9980808039914422,-0.5555006716708465,0.5541396346059654,1715,0.9988139914570369
Zhu (B. subtilis),B. subtilis,Individual,slope,Growth slope,Accessory,Excl. Trans/Transl (Sensitivity),0.09886024494793275,0.428732989357389,1711,0.23058697931341945,0.8176632507375455,-0.7420358174530634,0.9397563073489289,1715,0.9856762474644384
Zhu (V. natriegens),V. natriegens,Consensus_Representative,mean_ln,Mean expression,Core,Full (All Genes),-1.8024858756727857,0.28758598420294723,1436,-6.267641591325901,4.836506280183562e-10,-2.366619532943126,-1.2383522184024454,1440,1.4187085088538447e-8
Zhu (V. natriegens),V. natriegens,Consensus_Representative,mean_ln,Mean expression,Accessory,Full (All Genes),-2.234794335942199,0.6999364732707187,1436,-3.1928530963664095,0.0014392899891403441,-3.6078018683415047,-0.8617868035428933,1440,0.007450442296726488
Zhu (V. natriegens),V. natriegens,Consensus_Representative,mean_ln,Mean expression,Core,Excl. Trans/Transl (Sensitivity),-1.30904987692292,0.2840581411285805,1380,-4.608387113011386,4.43303561546652e-6,-1.8662823308172034,-0.7518174230286366,1384,5.572959059443625e-5
Zhu (V. natriegens),V. natriegens,Consensus_Representative,mean_ln,Mean expression,Accessory,Excl. Trans/Transl (Sensitivity),-2.1940331856305444,0.683857219553054,1380,-3.2083205717481356,0.0013658020408756988,-3.535545296675366,-0.8525210745857226,1384,0.007450442296726488
Zhu (V. natriegens),V. natriegens,Consensus_Representative,slope,Growth slope,Core,Full (All Genes),0.022994993665176447,0.18254434024723143,1436,0.12596935974039436,0.8997738124373682,-0.3350871519688759,0.38107713929922876,1440,0.9917461070817164
Zhu (V. natriegens),V. natriegens,Consensus_Representative,slope,Growth slope,Accessory,Full (All Genes),0.03334090780919563,0.4442825754610188,1436,0.07504437412293012,0.9401898585029455,-0.8381715021260515,0.9048533177444428,1440,0.9917461070817164
Zhu (V. natriegens),V. natriegens,Consensus_Representative,slope,Growth slope,Core,Excl. Trans/Transl (Sensitivity),0.13510566633278623,0.18827569876563208,1380,0.7175948208853413,0.47312860188211037,-0.23423185455292725,0.5044431872184997,1384,0.743487802957602
Zhu (V. natriegens),V. natriegens,Consensus_Representative,slope,Growth slope,Accessory,Excl. Trans/Transl (Sensitivity),0.03649800294637988,0.45326529053427983,1380,0.0805223865770935,0.9358334676681893,-0.8526654940265618,0.9256614999193215,1384,0.9917461070817164
