dataset,normalized_row_number,gene,uniprot_accession,reference_identifier,mapping_status,reference_identifier_duplicated,reference_position_status,analysis_eligibility_status,locus_tag,source_protein_id
schmidt_2016,465,gatC,P69831,,unmatched,FALSE,missing_reference_position,unmatched,,
schmidt_2016,922,clpB,P63284,b2592,mapped_one_to_one,TRUE,mapped_reference_position,duplicated_reference_identifier,,
schmidt_2016,969,obgE,P42641,b3183,mapped_one_to_one,TRUE,mapped_reference_position,duplicated_reference_identifier,,
schmidt_2016,983,crl,P24251,,unmatched,FALSE,missing_reference_position,unmatched,,
schmidt_2016,1037,JW58,P0CE60,,unmatched,FALSE,missing_reference_position,unmatched,,
schmidt_2016,1573,addB,P23477,,unmatched,FALSE,missing_reference_position,unmatched,,
schmidt_2016,1595,glpR,P0ACL0,,unmatched,FALSE,missing_reference_position,unmatched,,
schmidt_2016,1696,,B8LFD5,,unmatched,FALSE,missing_reference_position,unmatched,,
schmidt_2016,1743,ilvG,P00892,,unmatched,FALSE,missing_reference_position,unmatched,,
schmidt_2016,1782,cgtA,Q6E0U3,b3183,mapped_one_to_one,TRUE,mapped_reference_position,duplicated_reference_identifier,,
schmidt_2016,1827,cas1,D8FH86,b2755,mapped_one_to_one,TRUE,mapped_reference_position,duplicated_reference_identifier,,
schmidt_2016,1842,,E1MTY0,,unmatched,FALSE,missing_reference_position,unmatched,,
schmidt_2016,1929,ygbT,D4HZR9,b2755,mapped_one_to_one,TRUE,mapped_reference_position,duplicated_reference_identifier,,
schmidt_2016,2030,gatR,P36930,,unmatched,FALSE,missing_reference_position,unmatched,,
schmidt_2016,2048,clpB,P63284,b2592,mapped_one_to_one,TRUE,mapped_reference_position,duplicated_reference_identifier,,
li_2014_all,38,ade,,,ambiguous_one_to_many,FALSE,missing_reference_position,ambiguous_one_to_many,,
li_2014_all,46,adrB,,,unmatched,FALSE,missing_reference_position,unmatched,,
li_2014_all,155,arrD,,,unmatched,FALSE,missing_reference_position,unmatched,,
li_2014_all,156,arrQ,,,unmatched,FALSE,missing_reference_position,unmatched,,
li_2014_all,356,crl,,,unmatched,FALSE,missing_reference_position,unmatched,,
li_2014_all,525,dnaXgamma,,,unmatched,FALSE,missing_reference_position,unmatched,,
li_2014_all,526,dnaXtau,,,unmatched,FALSE,missing_reference_position,unmatched,,
li_2014_all,564,ecpD,,b0290,mapped_one_to_one,TRUE,mapped_reference_position,duplicated_reference_identifier,b0290,
li_2014_all,850,gatC,,,unmatched,FALSE,missing_reference_position,unmatched,,
li_2014_all,912,glpR,,,unmatched,FALSE,missing_reference_position,unmatched,,
li_2014_all,983,gtrA,,,ambiguous_one_to_many,FALSE,missing_reference_position,ambiguous_one_to_many,,
li_2014_all,1164,insA,,,unmatched,FALSE,missing_reference_position,unmatched,,
li_2014_all,1165,insB,,,unmatched,FALSE,missing_reference_position,unmatched,,
li_2014_all,1166,insC,,,unmatched,FALSE,missing_reference_position,unmatched,,
li_2014_all,1167,insD,,,unmatched,FALSE,missing_reference_position,unmatched,,
li_2014_all,1168,insE,,,unmatched,FALSE,missing_reference_position,unmatched,,
li_2014_all,1169,insF,,,unmatched,FALSE,missing_reference_position,unmatched,,
li_2014_all,1171,insH,,,unmatched,FALSE,missing_reference_position,unmatched,,
li_2014_all,1172,insI,,,unmatched,FALSE,missing_reference_position,unmatched,,
li_2014_all,1175,insL,,,unmatched,FALSE,missing_reference_position,unmatched,,
li_2014_all,1488,mscM,,b4159,mapped_one_to_one,TRUE,mapped_reference_position,duplicated_reference_identifier,b4159,
li_2014_all,1957,rdoA,,,unmatched,FALSE,missing_reference_position,unmatched,,
li_2014_all,2006,rffT,,,ambiguous_one_to_many,FALSE,missing_reference_position,ambiguous_one_to_many,,
li_2014_all,2015,rhmA,,,unmatched,FALSE,missing_reference_position,unmatched,,
li_2014_all,2017,rhmT,,,unmatched,FALSE,missing_reference_position,unmatched,,
li_2014_all,2284,spr,,,ambiguous_one_to_many,FALSE,missing_reference_position,ambiguous_one_to_many,,
li_2014_all,2627,yagW,,b0290,mapped_one_to_one,TRUE,mapped_reference_position,duplicated_reference_identifier,b0290,
li_2014_all,2937,yddJ,,,unmatched,FALSE,missing_reference_position,unmatched,,
li_2014_all,3264,ygaD,,,ambiguous_one_to_many,FALSE,missing_reference_position,ambiguous_one_to_many,,
li_2014_all,3608,yjeP,,b4159,mapped_one_to_one,TRUE,mapped_reference_position,duplicated_reference_identifier,b4159,
li_2014_all,3800,ypaA,,,unmatched,FALSE,missing_reference_position,unmatched,,
zhu_E_coli,155,clpB,,b2592,mapped_one_to_one,TRUE,mapped_reference_position,duplicated_reference_identifier,b2592,P63284
zhu_E_coli,156,clpB,,b2592,mapped_one_to_one,TRUE,mapped_reference_position,duplicated_reference_identifier,,A0A7H2C767
zhu_E_coli,168,cobB,,b1120,mapped_one_to_one,TRUE,mapped_reference_position,duplicated_reference_identifier,b1120,P75960
zhu_E_coli,169,cobB,,b1120,mapped_one_to_one,TRUE,mapped_reference_position,duplicated_reference_identifier,,A0A7H2C766
zhu_E_coli,752,mcrB,,b4346,mapped_one_to_one,TRUE,mapped_reference_position,duplicated_reference_identifier,b4346,P15005
zhu_E_coli,753,mcrB,,b4346,mapped_one_to_one,TRUE,mapped_reference_position,duplicated_reference_identifier,,A0A7H2C770
zhu_E_coli,828,mrcB,,b0149,mapped_one_to_one,TRUE,mapped_reference_position,duplicated_reference_identifier,b0149,P02919
zhu_E_coli,829,mrcB,,b0149,mapped_one_to_one,TRUE,mapped_reference_position,duplicated_reference_identifier,,A0A7H2C765
zhu_B_subtilis,1367,yeeF,,BSU06810,mapped_one_to_one,FALSE,missing_reference_position,missing_reference_position,BSU06810,O31506
zhu_B_subtilis,1579,ymfF,,BSU16840,mapped_one_to_one,FALSE,missing_reference_position,missing_reference_position,BSU16840,O31764
zhu_B_subtilis,1902,yvrH,,BSU33220,mapped_one_to_one,FALSE,missing_reference_position,missing_reference_position,BSU33220,P94504
zhu_V_natriegens,19,ahpC,,PN96_RS16355,mapped_one_to_one,FALSE,missing_reference_position,missing_reference_position,PN96_RS16355,WP_014235093.1
zhu_V_natriegens,20,ahpF,,PN96_RS16360,mapped_one_to_one,FALSE,missing_reference_position,missing_reference_position,PN96_RS16360,WP_020335019.1
zhu_V_natriegens,24,alr,,PN96_RS23260,mapped_one_to_one,FALSE,missing_reference_position,missing_reference_position,PN96_RS23260,WP_020335354.1
zhu_V_natriegens,30,araC,,PN96_RS16265,mapped_one_to_one,FALSE,missing_reference_position,missing_reference_position,PN96_RS16265,WP_020335002.1
zhu_V_natriegens,45,aroG,,PN96_RS18400,mapped_one_to_one,FALSE,missing_reference_position,missing_reference_position,PN96_RS18400,WP_014233807.1
zhu_V_natriegens,50,ascB,,PN96_RS17925,mapped_one_to_one,FALSE,missing_reference_position,missing_reference_position,PN96_RS17925,WP_020334101.1
zhu_V_natriegens,68,azu,,PN96_RS15275,mapped_one_to_one,FALSE,missing_reference_position,missing_reference_position,PN96_RS15275,WP_020335439.1
zhu_V_natriegens,75,betA,,PN96_RS19355,mapped_one_to_one,FALSE,missing_reference_position,missing_reference_position,PN96_RS19355,WP_020333794.1
zhu_V_natriegens,76,betB,,PN96_RS19350,mapped_one_to_one,FALSE,missing_reference_position,missing_reference_position,PN96_RS19350,WP_020333793.1
zhu_V_natriegens,103,choV,,PN96_RS19370,mapped_one_to_one,FALSE,missing_reference_position,missing_reference_position,PN96_RS19370,WP_014233985.1
zhu_V_natriegens,130,cueR,,PN96_RS19985,mapped_one_to_one,FALSE,missing_reference_position,missing_reference_position,PN96_RS19985,WP_014234058.1
zhu_V_natriegens,135,cyoA,,PN96_RS21725,mapped_one_to_one,FALSE,missing_reference_position,missing_reference_position,PN96_RS21725,WP_024372973.1
zhu_V_natriegens,136,cyoB,,PN96_RS21720,mapped_one_to_one,FALSE,missing_reference_position,missing_reference_position,PN96_RS21720,WP_014234376.1
zhu_V_natriegens,137,cyoD,,PN96_RS21710,mapped_one_to_one,FALSE,missing_reference_position,missing_reference_position,PN96_RS21710,WP_014234374.1
zhu_V_natriegens,152,dapA,,PN96_RS19840,mapped_one_to_one,FALSE,missing_reference_position,missing_reference_position,PN96_RS19840,WP_020333881.1
zhu_V_natriegens,158,dctP,,PN96_RS20440,mapped_one_to_one,FALSE,missing_reference_position,missing_reference_position,PN96_RS20440,WP_020334811.1
zhu_V_natriegens,164,deoD,,PN96_RS15460,mapped_one_to_one,FALSE,missing_reference_position,missing_reference_position,PN96_RS15460,WP_014234920.1
zhu_V_natriegens,169,dld,,PN96_RS20515,mapped_one_to_one,FALSE,missing_reference_position,missing_reference_position,PN96_RS20515,WP_020334824.1
zhu_V_natriegens,170,dmeF,,PN96_RS18050,mapped_one_to_one,FALSE,missing_reference_position,missing_reference_position,PN96_RS18050,WP_024373004.1
zhu_V_natriegens,186,elbB,,PN96_RS22820,mapped_one_to_one,FALSE,missing_reference_position,missing_reference_position,PN96_RS22820,WP_014234620.1
zhu_V_natriegens,210,fdrA,,PN96_RS22120,mapped_one_to_one,FALSE,missing_reference_position,missing_reference_position,PN96_RS22120,WP_020336086.1
zhu_V_natriegens,215,fghA,,PN96_RS16725,mapped_one_to_one,FALSE,missing_reference_position,missing_reference_position,PN96_RS16725,WP_020335085.1
zhu_V_natriegens,229,folE,,PN96_RS18455,mapped_one_to_one,FALSE,missing_reference_position,missing_reference_position,PN96_RS18455,WP_014233818.1
zhu_V_natriegens,235,fruB,,PN96_RS21195,mapped_one_to_one,FALSE,missing_reference_position,missing_reference_position,PN96_RS21195,WP_020334937.1
zhu_V_natriegens,248,gabT,,PN96_RS22505,mapped_one_to_one,FALSE,missing_reference_position,missing_reference_position,PN96_RS22505,WP_014234566.1
zhu_V_natriegens,249,galE,,PN96_RS20905,mapped_one_to_one,FALSE,missing_reference_position,missing_reference_position,PN96_RS20905,WP_020334887.1
zhu_V_natriegens,253,gcvH,,PN96_RS21245,mapped_one_to_one,FALSE,missing_reference_position,missing_reference_position,PN96_RS21245,WP_014234303.1
zhu_V_natriegens,254,gcvP,,PN96_RS21250,mapped_one_to_one,FALSE,missing_reference_position,missing_reference_position,PN96_RS21250,WP_020334947.1
zhu_V_natriegens,255,gcvT,,PN96_RS21230,mapped_one_to_one,FALSE,missing_reference_position,missing_reference_position,PN96_RS21230,WP_020334943.1
zhu_V_natriegens,258,glgB,,PN96_RS15810,mapped_one_to_one,FALSE,missing_reference_position,missing_reference_position,PN96_RS15810,WP_020333473.1
zhu_V_natriegens,260,glgC,,PN96_RS21135,mapped_one_to_one,FALSE,missing_reference_position,missing_reference_position,PN96_RS21135,WP_020334926.1
zhu_V_natriegens,261,glgX,,PN96_RS15895,mapped_one_to_one,FALSE,missing_reference_position,missing_reference_position,PN96_RS15895,WP_020333485.1
zhu_V_natriegens,287,gnd,,PN96_RS21960,mapped_one_to_one,FALSE,missing_reference_position,missing_reference_position,PN96_RS21960,WP_020336051.1
zhu_V_natriegens,296,groL,,PN96_RS17435,mapped_one_to_one,FALSE,missing_reference_position,missing_reference_position,PN96_RS17435,WP_020334390.1
zhu_V_natriegens,311,helD,,PN96_RS20005,mapped_one_to_one,FALSE,missing_reference_position,missing_reference_position,PN96_RS20005,WP_020334738.1
zhu_V_natriegens,350,hutH,,PN96_RS17865,mapped_one_to_one,FALSE,missing_reference_position,missing_reference_position,PN96_RS17865,WP_020334089.1
zhu_V_natriegens,352,hutZ,,PN96_RS23345,mapped_one_to_one,FALSE,missing_reference_position,missing_reference_position,PN96_RS23345,WP_020335368.1
zhu_V_natriegens,383,katG,,PN96_RS20240,mapped_one_to_one,FALSE,missing_reference_position,missing_reference_position,PN96_RS20240,WP_020334780.1
zhu_V_natriegens,384,katG,,PN96_RS21625,mapped_one_to_one,FALSE,missing_reference_position,missing_reference_position,PN96_RS21625,WP_020335989.1
zhu_V_natriegens,385,kdgR,,PN96_RS16750,mapped_one_to_one,FALSE,missing_reference_position,missing_reference_position,PN96_RS16750,WP_014233473.1
zhu_V_natriegens,402,lldD,,PN96_RS15555,mapped_one_to_one,FALSE,missing_reference_position,missing_reference_position,PN96_RS15555,WP_014234939.1
zhu_V_natriegens,425,ltaE,,PN96_RS20485,mapped_one_to_one,FALSE,missing_reference_position,missing_reference_position,PN96_RS20485,WP_020334819.1
zhu_V_natriegens,430,malE,,PN96_RS23645,mapped_one_to_one,FALSE,missing_reference_position,missing_reference_position,PN96_RS23645,WP_014234864.1
zhu_V_natriegens,431,malK,,PN96_RS15185,mapped_one_to_one,FALSE,missing_reference_position,missing_reference_position,PN96_RS15185,WP_014234865.1
zhu_V_natriegens,432,malQ,,PN96_RS15815,mapped_one_to_one,FALSE,missing_reference_position,missing_reference_position,PN96_RS15815,WP_020333474.1
zhu_V_natriegens,433,malT,,PN96_RS15825,mapped_one_to_one,FALSE,missing_reference_position,missing_reference_position,PN96_RS15825,WP_014234988.1
zhu_V_natriegens,472,modA,,PN96_RS20775,mapped_one_to_one,FALSE,missing_reference_position,missing_reference_position,PN96_RS20775,WP_020334863.1
zhu_V_natriegens,473,modC,,PN96_RS20785,mapped_one_to_one,FALSE,missing_reference_position,missing_reference_position,PN96_RS20785,WP_024372990.1
zhu_V_natriegens,474,modF,,PN96_RS22720,mapped_one_to_one,FALSE,missing_reference_position,missing_reference_position,PN96_RS22720,WP_020335262.1
zhu_V_natriegens,475,moeA,,PN96_RS18450,mapped_one_to_one,FALSE,missing_reference_position,missing_reference_position,PN96_RS18450,WP_020334183.1
zhu_V_natriegens,476,moeB,,PN96_RS18445,mapped_one_to_one,FALSE,missing_reference_position,missing_reference_position,PN96_RS18445,WP_020334182.1
zhu_V_natriegens,479,mqo,,PN96_RS19725,mapped_one_to_one,FALSE,missing_reference_position,missing_reference_position,PN96_RS19725,WP_020333856.1
zhu_V_natriegens,482,mrcB,,PN96_RS18715,mapped_one_to_one,FALSE,missing_reference_position,missing_reference_position,PN96_RS18715,WP_020334229.1
zhu_V_natriegens,512,nadE,,PN96_RS23385,mapped_one_to_one,FALSE,missing_reference_position,missing_reference_position,PN96_RS23385,WP_020335374.1
zhu_V_natriegens,515,nagB,,PN96_RS16595,mapped_one_to_one,FALSE,missing_reference_position,missing_reference_position,PN96_RS16595,WP_014233442.1
zhu_V_natriegens,519,napA,,PN96_RS18320,mapped_one_to_one,FALSE,missing_reference_position,missing_reference_position,PN96_RS18320,WP_020334163.1
zhu_V_natriegens,520,narL,,PN96_RS19405,mapped_one_to_one,FALSE,missing_reference_position,missing_reference_position,PN96_RS19405,WP_014233995.1
zhu_V_natriegens,523,nfsA,,PN96_RS15765,mapped_one_to_one,FALSE,missing_reference_position,missing_reference_position,PN96_RS15765,WP_020333464.1
zhu_V_natriegens,525,nhaC,,PN96_RS19835,mapped_one_to_one,FALSE,missing_reference_position,missing_reference_position,PN96_RS19835,WP_020333880.1
zhu_V_natriegens,557,pcaF,,PN96_RS18955,mapped_one_to_one,FALSE,missing_reference_position,missing_reference_position,PN96_RS18955,WP_061778630.1
zhu_V_natriegens,560,pcp,,PN96_RS22750,mapped_one_to_one,FALSE,missing_reference_position,missing_reference_position,PN96_RS22750,WP_020335266.1
zhu_V_natriegens,563,pdxH,,PN96_RS16420,mapped_one_to_one,FALSE,missing_reference_position,missing_reference_position,PN96_RS16420,WP_014235106.1
zhu_V_natriegens,565,pdxY,,PN96_RS15860,mapped_one_to_one,FALSE,missing_reference_position,missing_reference_position,PN96_RS15860,WP_020333481.1
zhu_V_natriegens,579,phnR,,PN96_RS17335,mapped_one_to_one,FALSE,missing_reference_position,missing_reference_position,PN96_RS17335,WP_014233583.1
zhu_V_natriegens,585,pncB,,PN96_RS17495,mapped_one_to_one,FALSE,missing_reference_position,missing_reference_position,PN96_RS17495,WP_024373014.1
zhu_V_natriegens,587,pntB,,PN96_RS20825,mapped_one_to_one,FALSE,missing_reference_position,missing_reference_position,PN96_RS20825,WP_014234219.1
zhu_V_natriegens,595,ppsA,,PN96_RS17695,mapped_one_to_one,FALSE,missing_reference_position,missing_reference_position,PN96_RS17695,WP_020334436.1
zhu_V_natriegens,636,putA,,PN96_RS16400,mapped_one_to_one,FALSE,missing_reference_position,missing_reference_position,PN96_RS16400,WP_020335027.1
zhu_V_natriegens,637,putP,,PN96_RS16390,mapped_one_to_one,FALSE,missing_reference_position,missing_reference_position,PN96_RS16390,WP_020335025.1
zhu_V_natriegens,642,pyrC,,PN96_RS23400,mapped_one_to_one,FALSE,missing_reference_position,missing_reference_position,PN96_RS23400,WP_014234745.1
zhu_V_natriegens,658,rbsB,,PN96_RS19965,mapped_one_to_one,FALSE,missing_reference_position,missing_reference_position,PN96_RS19965,WP_020334735.1
zhu_V_natriegens,680,ribB,,PN96_RS18105,mapped_one_to_one,FALSE,missing_reference_position,missing_reference_position,PN96_RS18105,WP_014233750.1
zhu_V_natriegens,685,rimK,,PN96_RS17100,mapped_one_to_one,FALSE,missing_reference_position,missing_reference_position,PN96_RS17100,WP_014233536.1
zhu_V_natriegens,701,rnb,,PN96_RS21885,mapped_one_to_one,FALSE,missing_reference_position,missing_reference_position,PN96_RS21885,WP_014234497.1
zhu_V_natriegens,821,solA,,PN96_RS23205,mapped_one_to_one,FALSE,missing_reference_position,missing_reference_position,PN96_RS23205,WP_020335344.1
zhu_V_natriegens,827,sstT,,PN96_RS15855,mapped_one_to_one,FALSE,missing_reference_position,missing_reference_position,PN96_RS15855,WP_014234994.1
zhu_V_natriegens,837,tal,,PN96_RS18415,mapped_one_to_one,FALSE,missing_reference_position,missing_reference_position,PN96_RS18415,WP_014233810.1
zhu_V_natriegens,841,tdh,,PN96_RS15590,mapped_one_to_one,FALSE,missing_reference_position,missing_reference_position,PN96_RS15590,WP_014234946.1
zhu_V_natriegens,848,thiD,,PN96_RS16920,mapped_one_to_one,FALSE,missing_reference_position,missing_reference_position,PN96_RS16920,WP_020335114.1
zhu_V_natriegens,849,thiE,,PN96_RS16890,mapped_one_to_one,FALSE,missing_reference_position,missing_reference_position,PN96_RS16890,WP_020335109.1
zhu_V_natriegens,853,thiM,,PN96_RS16895,mapped_one_to_one,FALSE,missing_reference_position,missing_reference_position,PN96_RS16895,WP_020335110.1
zhu_V_natriegens,861,tkt,,PN96_RS18410,mapped_one_to_one,FALSE,missing_reference_position,missing_reference_position,PN96_RS18410,WP_020334176.1
zhu_V_natriegens,871,torT,,PN96_RS20015,mapped_one_to_one,FALSE,missing_reference_position,missing_reference_position,PN96_RS20015,WP_020334739.1
zhu_V_natriegens,879,trmY,,PN96_RS16935,mapped_one_to_one,FALSE,missing_reference_position,missing_reference_position,PN96_RS16935,WP_020335118.1
zhu_V_natriegens,882,trpB,,PN96_RS22760,mapped_one_to_one,FALSE,missing_reference_position,missing_reference_position,PN96_RS22760,WP_217999032.1
zhu_V_natriegens,892,trxC,,PN96_RS20650,mapped_one_to_one,FALSE,missing_reference_position,missing_reference_position,PN96_RS20650,WP_020334841.1
zhu_V_natriegens,942,yciH,,PN96_RS20875,mapped_one_to_one,FALSE,missing_reference_position,missing_reference_position,PN96_RS20875,WP_014234230.1
zhu_V_natriegens,943,yegD,,PN96_RS21345,mapped_one_to_one,FALSE,missing_reference_position,missing_reference_position,PN96_RS21345,WP_020334963.1
zhu_V_natriegens,950,yghU,,PN96_RS18000,mapped_one_to_one,FALSE,missing_reference_position,missing_reference_position,PN96_RS18000,WP_014233730.1
zhu_V_natriegens,955,ylqF,,PN96_RS20135,mapped_one_to_one,FALSE,missing_reference_position,missing_reference_position,PN96_RS20135,WP_020334760.1
zhu_V_natriegens,963,zwf,,PN96_RS21965,mapped_one_to_one,FALSE,missing_reference_position,missing_reference_position,PN96_RS21965,WP_020336052.1
zhu_V_natriegens,1668,,,PN96_RS15255,mapped_one_to_one,FALSE,missing_reference_position,missing_reference_position,PN96_RS15255,WP_020335435.1
zhu_V_natriegens,1669,,,PN96_RS15260,mapped_one_to_one,FALSE,missing_reference_position,missing_reference_position,PN96_RS15260,WP_020335436.1
zhu_V_natriegens,1670,,,PN96_RS15265,mapped_one_to_one,FALSE,missing_reference_position,missing_reference_position,PN96_RS15265,WP_020335437.1
zhu_V_natriegens,1671,,,PN96_RS15315,mapped_one_to_one,FALSE,missing_reference_position,missing_reference_position,PN96_RS15315,WP_020335444.1
zhu_V_natriegens,1672,,,PN96_RS15320,mapped_one_to_one,FALSE,missing_reference_position,missing_reference_position,PN96_RS15320,WP_020335445.1
zhu_V_natriegens,1673,,,PN96_RS15325,mapped_one_to_one,FALSE,missing_reference_position,missing_reference_position,PN96_RS15325,WP_020335447.1
zhu_V_natriegens,1674,,,PN96_RS15330,mapped_one_to_one,FALSE,missing_reference_position,missing_reference_position,PN96_RS15330,WP_020335449.1
zhu_V_natriegens,1675,,,PN96_RS15340,mapped_one_to_one,FALSE,missing_reference_position,missing_reference_position,PN96_RS15340,WP_020335451.1
zhu_V_natriegens,1676,,,PN96_RS15360,mapped_one_to_one,FALSE,missing_reference_position,missing_reference_position,PN96_RS15360,WP_029791437.1
zhu_V_natriegens,1677,,,PN96_RS15375,mapped_one_to_one,FALSE,missing_reference_position,missing_reference_position,PN96_RS15375,WP_020335457.1
zhu_V_natriegens,1678,,,PN96_RS15380,mapped_one_to_one,FALSE,missing_reference_position,missing_reference_position,PN96_RS15380,WP_020335458.1
zhu_V_natriegens,1679,,,PN96_RS15385,mapped_one_to_one,FALSE,missing_reference_position,missing_reference_position,PN96_RS15385,WP_020335459.1
zhu_V_natriegens,1680,,,PN96_RS15390,mapped_one_to_one,FALSE,missing_reference_position,missing_reference_position,PN96_RS15390,WP_020335460.1
zhu_V_natriegens,1681,,,PN96_RS15395,mapped_one_to_one,FALSE,missing_reference_position,missing_reference_position,PN96_RS15395,WP_076633444.1
zhu_V_natriegens,1682,,,PN96_RS15400,mapped_one_to_one,FALSE,missing_reference_position,missing_reference_position,PN96_RS15400,WP_024372652.1
zhu_V_natriegens,1683,,,PN96_RS15425,mapped_one_to_one,FALSE,missing_reference_position,missing_reference_position,PN96_RS15425,WP_020333415.1
zhu_V_natriegens,1684,,,PN96_RS15430,mapped_one_to_one,FALSE,missing_reference_position,missing_reference_position,PN96_RS15430,WP_014234914.1
zhu_V_natriegens,1685,,,PN96_RS15435,mapped_one_to_one,FALSE,missing_reference_position,missing_reference_position,PN96_RS15435,WP_014234915.1
zhu_V_natriegens,1686,,,PN96_RS15440,mapped_one_to_one,FALSE,missing_reference_position,missing_reference_position,PN96_RS15440,WP_024372651.1
zhu_V_natriegens,1687,,,PN96_RS15480,mapped_one_to_one,FALSE,missing_reference_position,missing_reference_position,PN96_RS15480,WP_014234924.1
zhu_V_natriegens,1688,,,PN96_RS15485,mapped_one_to_one,FALSE,missing_reference_position,missing_reference_position,PN96_RS15485,WP_020333422.1
zhu_V_natriegens,1689,,,PN96_RS15515,mapped_one_to_one,FALSE,missing_reference_position,missing_reference_position,PN96_RS15515,WP_020333427.1
zhu_V_natriegens,1690,,,PN96_RS15530,mapped_one_to_one,FALSE,missing_reference_position,missing_reference_position,PN96_RS15530,WP_020333431.1
zhu_V_natriegens,1691,,,PN96_RS15535,mapped_one_to_one,FALSE,missing_reference_position,missing_reference_position,PN96_RS15535,WP_020333433.1
zhu_V_natriegens,1692,,,PN96_RS15540,mapped_one_to_one,FALSE,missing_reference_position,missing_reference_position,PN96_RS15540,WP_020333434.1
zhu_V_natriegens,1693,,,PN96_RS15545,mapped_one_to_one,FALSE,missing_reference_position,missing_reference_position,PN96_RS15545,WP_014234937.1
zhu_V_natriegens,1694,,,PN96_RS15565,mapped_one_to_one,FALSE,missing_reference_position,missing_reference_position,PN96_RS15565,WP_020333436.1
zhu_V_natriegens,1695,,,PN96_RS15580,mapped_one_to_one,FALSE,missing_reference_position,missing_reference_position,PN96_RS15580,WP_024372647.1
zhu_V_natriegens,1696,,,PN96_RS15595,mapped_one_to_one,FALSE,missing_reference_position,missing_reference_position,PN96_RS15595,WP_020333441.1
zhu_V_natriegens,1697,,,PN96_RS15600,mapped_one_to_one,FALSE,missing_reference_position,missing_reference_position,PN96_RS15600,WP_020333442.1
zhu_V_natriegens,1698,,,PN96_RS15605,mapped_one_to_one,FALSE,missing_reference_position,missing_reference_position,PN96_RS15605,WP_020333443.1
zhu_V_natriegens,1699,,,PN96_RS15610,mapped_one_to_one,FALSE,missing_reference_position,missing_reference_position,PN96_RS15610,WP_020333444.1
zhu_V_natriegens,1700,,,PN96_RS15615,mapped_one_to_one,FALSE,missing_reference_position,missing_reference_position,PN96_RS15615,WP_020333445.1
zhu_V_natriegens,1701,,,PN96_RS15640,mapped_one_to_one,FALSE,missing_reference_position,missing_reference_position,PN96_RS15640,WP_014234956.1
zhu_V_natriegens,1702,,,PN96_RS15645,mapped_one_to_one,FALSE,missing_reference_position,missing_reference_position,PN96_RS15645,WP_020333450.1
zhu_V_natriegens,1703,,,PN96_RS15655,mapped_one_to_one,FALSE,missing_reference_position,missing_reference_position,PN96_RS15655,WP_024372646.1
zhu_V_natriegens,1704,,,PN96_RS15660,mapped_one_to_one,FALSE,missing_reference_position,missing_reference_position,PN96_RS15660,WP_031779192.1
zhu_V_natriegens,1705,,,PN96_RS15715,mapped_one_to_one,FALSE,missing_reference_position,missing_reference_position,PN96_RS15715,WP_014234969.1
zhu_V_natriegens,1706,,,PN96_RS15725,mapped_one_to_one,FALSE,missing_reference_position,missing_reference_position,PN96_RS15725,WP_020333459.1
zhu_V_natriegens,1707,,,PN96_RS15735,mapped_one_to_one,FALSE,missing_reference_position,missing_reference_position,PN96_RS15735,WP_020333460.1
zhu_V_natriegens,1708,,,PN96_RS15740,mapped_one_to_one,FALSE,missing_reference_position,missing_reference_position,PN96_RS15740,WP_020333461.1
zhu_V_natriegens,1709,,,PN96_RS15750,mapped_one_to_one,FALSE,missing_reference_position,missing_reference_position,PN96_RS15750,WP_020333463.1
zhu_V_natriegens,1710,,,PN96_RS15770,mapped_one_to_one,FALSE,missing_reference_position,missing_reference_position,PN96_RS15770,WP_020333465.1
zhu_V_natriegens,1711,,,PN96_RS15800,mapped_one_to_one,FALSE,missing_reference_position,missing_reference_position,PN96_RS15800,WP_020333472.1
zhu_V_natriegens,1712,,,PN96_RS15820,mapped_one_to_one,FALSE,missing_reference_position,missing_reference_position,PN96_RS15820,WP_020333475.1
zhu_V_natriegens,1713,,,PN96_RS15840,mapped_one_to_one,FALSE,missing_reference_position,missing_reference_position,PN96_RS15840,WP_020333478.1
zhu_V_natriegens,1714,,,PN96_RS15885,mapped_one_to_one,FALSE,missing_reference_position,missing_reference_position,PN96_RS15885,WP_014235000.1
zhu_V_natriegens,1715,,,PN96_RS15890,mapped_one_to_one,FALSE,missing_reference_position,missing_reference_position,PN96_RS15890,WP_014235001.1
zhu_V_natriegens,1716,,,PN96_RS15900,mapped_one_to_one,FALSE,missing_reference_position,missing_reference_position,PN96_RS15900,WP_020333486.1
zhu_V_natriegens,1717,,,PN96_RS15910,mapped_one_to_one,FALSE,missing_reference_position,missing_reference_position,PN96_RS15910,WP_014235005.1
zhu_V_natriegens,1718,,,PN96_RS15920,mapped_one_to_one,FALSE,missing_reference_position,missing_reference_position,PN96_RS15920,WP_020333489.1
zhu_V_natriegens,1719,,,PN96_RS15925,mapped_one_to_one,FALSE,missing_reference_position,missing_reference_position,PN96_RS15925,WP_024372640.1
zhu_V_natriegens,1720,,,PN96_RS15930,mapped_one_to_one,FALSE,missing_reference_position,missing_reference_position,PN96_RS15930,WP_014235009.1
zhu_V_natriegens,1721,,,PN96_RS15945,mapped_one_to_one,FALSE,missing_reference_position,missing_reference_position,PN96_RS15945,WP_020333493.1
zhu_V_natriegens,1722,,,PN96_RS15950,mapped_one_to_one,FALSE,missing_reference_position,missing_reference_position,PN96_RS15950,WP_020333494.1
zhu_V_natriegens,1723,,,PN96_RS15980,mapped_one_to_one,FALSE,missing_reference_position,missing_reference_position,PN96_RS15980,WP_014235018.1
zhu_V_natriegens,1724,,,PN96_RS16040,mapped_one_to_one,FALSE,missing_reference_position,missing_reference_position,PN96_RS16040,WP_020333509.1
zhu_V_natriegens,1725,,,PN96_RS16085,mapped_one_to_one,FALSE,missing_reference_position,missing_reference_position,PN96_RS16085,WP_020333517.1
zhu_V_natriegens,1726,,,PN96_RS16220,mapped_one_to_one,FALSE,missing_reference_position,missing_reference_position,PN96_RS16220,WP_020334994.1
zhu_V_natriegens,1727,,,PN96_RS16225,mapped_one_to_one,FALSE,missing_reference_position,missing_reference_position,PN96_RS16225,WP_049873777.1
zhu_V_natriegens,1728,,,PN96_RS16245,mapped_one_to_one,FALSE,missing_reference_position,missing_reference_position,PN96_RS16245,WP_020334998.1
zhu_V_natriegens,1729,,,PN96_RS16285,mapped_one_to_one,FALSE,missing_reference_position,missing_reference_position,PN96_RS16285,WP_014235079.1
zhu_V_natriegens,1730,,,PN96_RS16350,mapped_one_to_one,FALSE,missing_reference_position,missing_reference_position,PN96_RS16350,WP_020335018.1
zhu_V_natriegens,1731,,,PN96_RS16365,mapped_one_to_one,FALSE,missing_reference_position,missing_reference_position,PN96_RS16365,WP_014235095.1
zhu_V_natriegens,1732,,,PN96_RS16375,mapped_one_to_one,FALSE,missing_reference_position,missing_reference_position,PN96_RS16375,WP_024372628.1
zhu_V_natriegens,1733,,,PN96_RS16380,mapped_one_to_one,FALSE,missing_reference_position,missing_reference_position,PN96_RS16380,WP_006740877.1
zhu_V_natriegens,1734,,,PN96_RS16395,mapped_one_to_one,FALSE,missing_reference_position,missing_reference_position,PN96_RS16395,WP_020335026.1
zhu_V_natriegens,1735,,,PN96_RS16415,mapped_one_to_one,FALSE,missing_reference_position,missing_reference_position,PN96_RS16415,WP_024372625.1
zhu_V_natriegens,1736,,,PN96_RS16445,mapped_one_to_one,FALSE,missing_reference_position,missing_reference_position,PN96_RS16445,WP_014235111.1
zhu_V_natriegens,1737,,,PN96_RS16450,mapped_one_to_one,FALSE,missing_reference_position,missing_reference_position,PN96_RS16450,WP_020335034.1
zhu_V_natriegens,1738,,,PN96_RS16460,mapped_one_to_one,FALSE,missing_reference_position,missing_reference_position,PN96_RS16460,WP_020335039.1
zhu_V_natriegens,1739,,,PN96_RS16480,mapped_one_to_one,FALSE,missing_reference_position,missing_reference_position,PN96_RS16480,WP_020335043.1
zhu_V_natriegens,1740,,,PN96_RS16485,mapped_one_to_one,FALSE,missing_reference_position,missing_reference_position,PN96_RS16485,WP_014235120.1
zhu_V_natriegens,1741,,,PN96_RS16490,mapped_one_to_one,FALSE,missing_reference_position,missing_reference_position,PN96_RS16490,WP_020335045.1
zhu_V_natriegens,1742,,,PN96_RS16520,mapped_one_to_one,FALSE,missing_reference_position,missing_reference_position,PN96_RS16520,WP_014233427.1
zhu_V_natriegens,1743,,,PN96_RS16610,mapped_one_to_one,FALSE,missing_reference_position,missing_reference_position,PN96_RS16610,WP_014233445.1
zhu_V_natriegens,1744,,,PN96_RS16625,mapped_one_to_one,FALSE,missing_reference_position,missing_reference_position,PN96_RS16625,WP_014233448.1
zhu_V_natriegens,1745,,,PN96_RS16650,mapped_one_to_one,FALSE,missing_reference_position,missing_reference_position,PN96_RS16650,WP_020335069.1
zhu_V_natriegens,1746,,,PN96_RS16680,mapped_one_to_one,FALSE,missing_reference_position,missing_reference_position,PN96_RS16680,WP_014233458.1
zhu_V_natriegens,1747,,,PN96_RS16710,mapped_one_to_one,FALSE,missing_reference_position,missing_reference_position,PN96_RS16710,WP_020335081.1
zhu_V_natriegens,1748,,,PN96_RS16730,mapped_one_to_one,FALSE,missing_reference_position,missing_reference_position,PN96_RS16730,WP_020335086.1
zhu_V_natriegens,1749,,,PN96_RS16775,mapped_one_to_one,FALSE,missing_reference_position,missing_reference_position,PN96_RS16775,WP_020335092.1
zhu_V_natriegens,1750,,,PN96_RS16780,mapped_one_to_one,FALSE,missing_reference_position,missing_reference_position,PN96_RS16780,WP_014233479.1
zhu_V_natriegens,1751,,,PN96_RS16830,mapped_one_to_one,FALSE,missing_reference_position,missing_reference_position,PN96_RS16830,WP_020335099.1
zhu_V_natriegens,1752,,,PN96_RS16840,mapped_one_to_one,FALSE,missing_reference_position,missing_reference_position,PN96_RS16840,WP_020335101.1
zhu_V_natriegens,1753,,,PN96_RS16905,mapped_one_to_one,FALSE,missing_reference_position,missing_reference_position,PN96_RS16905,WP_020335111.1
zhu_V_natriegens,1754,,,PN96_RS16915,mapped_one_to_one,FALSE,missing_reference_position,missing_reference_position,PN96_RS16915,WP_020335113.1
zhu_V_natriegens,1755,,,PN96_RS16925,mapped_one_to_one,FALSE,missing_reference_position,missing_reference_position,PN96_RS16925,WP_020335116.1
zhu_V_natriegens,1756,,,PN96_RS16930,mapped_one_to_one,FALSE,missing_reference_position,missing_reference_position,PN96_RS16930,WP_020335117.1
zhu_V_natriegens,1757,,,PN96_RS16985,mapped_one_to_one,FALSE,missing_reference_position,missing_reference_position,PN96_RS16985,WP_020334624.1
zhu_V_natriegens,1758,,,PN96_RS16995,mapped_one_to_one,FALSE,missing_reference_position,missing_reference_position,PN96_RS16995,WP_014233515.1
zhu_V_natriegens,1759,,,PN96_RS17000,mapped_one_to_one,FALSE,missing_reference_position,missing_reference_position,PN96_RS17000,WP_020334627.1
zhu_V_natriegens,1760,,,PN96_RS17010,mapped_one_to_one,FALSE,missing_reference_position,missing_reference_position,PN96_RS17010,WP_024373029.1
zhu_V_natriegens,1761,,,PN96_RS17030,mapped_one_to_one,FALSE,missing_reference_position,missing_reference_position,PN96_RS17030,WP_020334632.1
zhu_V_natriegens,1762,,,PN96_RS17035,mapped_one_to_one,FALSE,missing_reference_position,missing_reference_position,PN96_RS17035,WP_020334633.1
zhu_V_natriegens,1763,,,PN96_RS17040,mapped_one_to_one,FALSE,missing_reference_position,missing_reference_position,PN96_RS17040,WP_020334634.1
zhu_V_natriegens,1764,,,PN96_RS17050,mapped_one_to_one,FALSE,missing_reference_position,missing_reference_position,PN96_RS17050,WP_014233526.1
zhu_V_natriegens,1765,,,PN96_RS17055,mapped_one_to_one,FALSE,missing_reference_position,missing_reference_position,PN96_RS17055,WP_020334635.1
zhu_V_natriegens,1766,,,PN96_RS17060,mapped_one_to_one,FALSE,missing_reference_position,missing_reference_position,PN96_RS17060,WP_020334636.1
zhu_V_natriegens,1767,,,PN96_RS17065,mapped_one_to_one,FALSE,missing_reference_position,missing_reference_position,PN96_RS17065,WP_014233529.1
zhu_V_natriegens,1768,,,PN96_RS17070,mapped_one_to_one,FALSE,missing_reference_position,missing_reference_position,PN96_RS17070,WP_024373028.1
zhu_V_natriegens,1769,,,PN96_RS17105,mapped_one_to_one,FALSE,missing_reference_position,missing_reference_position,PN96_RS17105,WP_020334643.1
zhu_V_natriegens,1770,,,PN96_RS17140,mapped_one_to_one,FALSE,missing_reference_position,missing_reference_position,PN96_RS17140,WP_020334651.1
zhu_V_natriegens,1771,,,PN96_RS17155,mapped_one_to_one,FALSE,missing_reference_position,missing_reference_position,PN96_RS17155,WP_020334339.1
zhu_V_natriegens,1772,,,PN96_RS17165,mapped_one_to_one,FALSE,missing_reference_position,missing_reference_position,PN96_RS17165,WP_024373024.1
zhu_V_natriegens,1773,,,PN96_RS17170,mapped_one_to_one,FALSE,missing_reference_position,missing_reference_position,PN96_RS17170,WP_014233550.1
zhu_V_natriegens,1774,,,PN96_RS17205,mapped_one_to_one,FALSE,missing_reference_position,missing_reference_position,PN96_RS17205,WP_020334348.1
zhu_V_natriegens,1775,,,PN96_RS17245,mapped_one_to_one,FALSE,missing_reference_position,missing_reference_position,PN96_RS17245,WP_014233565.1
zhu_V_natriegens,1776,,,PN96_RS17265,mapped_one_to_one,FALSE,missing_reference_position,missing_reference_position,PN96_RS17265,WP_014233569.1
zhu_V_natriegens,1777,,,PN96_RS17350,mapped_one_to_one,FALSE,missing_reference_position,missing_reference_position,PN96_RS17350,WP_020334376.1
zhu_V_natriegens,1778,,,PN96_RS17355,mapped_one_to_one,FALSE,missing_reference_position,missing_reference_position,PN96_RS17355,WP_014233587.1
zhu_V_natriegens,1779,,,PN96_RS17365,mapped_one_to_one,FALSE,missing_reference_position,missing_reference_position,PN96_RS17365,WP_014233589.1
zhu_V_natriegens,1780,,,PN96_RS17380,mapped_one_to_one,FALSE,missing_reference_position,missing_reference_position,PN96_RS17380,WP_024373018.1
zhu_V_natriegens,1781,,,PN96_RS17385,mapped_one_to_one,FALSE,missing_reference_position,missing_reference_position,PN96_RS17385,WP_014233593.1
zhu_V_natriegens,1782,,,PN96_RS17405,mapped_one_to_one,FALSE,missing_reference_position,missing_reference_position,PN96_RS17405,WP_014233597.1
zhu_V_natriegens,1783,,,PN96_RS17410,mapped_one_to_one,FALSE,missing_reference_position,missing_reference_position,PN96_RS17410,WP_020334386.1
zhu_V_natriegens,1784,,,PN96_RS17425,mapped_one_to_one,FALSE,missing_reference_position,missing_reference_position,PN96_RS17425,WP_020334389.1
zhu_V_natriegens,1785,,,PN96_RS17430,mapped_one_to_one,FALSE,missing_reference_position,missing_reference_position,PN96_RS17430,WP_014233602.1
zhu_V_natriegens,1786,,,PN96_RS17450,mapped_one_to_one,FALSE,missing_reference_position,missing_reference_position,PN96_RS17450,WP_020334395.1
zhu_V_natriegens,1787,,,PN96_RS17480,mapped_one_to_one,FALSE,missing_reference_position,missing_reference_position,PN96_RS17480,WP_014233612.1
zhu_V_natriegens,1788,,,PN96_RS17485,mapped_one_to_one,FALSE,missing_reference_position,missing_reference_position,PN96_RS17485,WP_020334401.1
zhu_V_natriegens,1789,,,PN96_RS17490,mapped_one_to_one,FALSE,missing_reference_position,missing_reference_position,PN96_RS17490,WP_014233614.1
zhu_V_natriegens,1790,,,PN96_RS17505,mapped_one_to_one,FALSE,missing_reference_position,missing_reference_position,PN96_RS17505,WP_014233617.1
zhu_V_natriegens,1791,,,PN96_RS17575,mapped_one_to_one,FALSE,missing_reference_position,missing_reference_position,PN96_RS17575,WP_020334414.1
zhu_V_natriegens,1792,,,PN96_RS17580,mapped_one_to_one,FALSE,missing_reference_position,missing_reference_position,PN96_RS17580,WP_020334415.1
zhu_V_natriegens,1793,,,PN96_RS17585,mapped_one_to_one,FALSE,missing_reference_position,missing_reference_position,PN96_RS17585,WP_014233632.1
zhu_V_natriegens,1794,,,PN96_RS17590,mapped_one_to_one,FALSE,missing_reference_position,missing_reference_position,PN96_RS17590,WP_020334416.1
zhu_V_natriegens,1795,,,PN96_RS17595,mapped_one_to_one,FALSE,missing_reference_position,missing_reference_position,PN96_RS17595,WP_020334417.1
zhu_V_natriegens,1796,,,PN96_RS17670,mapped_one_to_one,FALSE,missing_reference_position,missing_reference_position,PN96_RS17670,WP_014233649.1
zhu_V_natriegens,1797,,,PN96_RS17690,mapped_one_to_one,FALSE,missing_reference_position,missing_reference_position,PN96_RS17690,WP_014233653.1
zhu_V_natriegens,1798,,,PN96_RS17700,mapped_one_to_one,FALSE,missing_reference_position,missing_reference_position,PN96_RS17700,WP_014233655.1
zhu_V_natriegens,1799,,,PN96_RS17705,mapped_one_to_one,FALSE,missing_reference_position,missing_reference_position,PN96_RS17705,WP_020334438.1
zhu_V_natriegens,1800,,,PN96_RS17745,mapped_one_to_one,FALSE,missing_reference_position,missing_reference_position,PN96_RS17745,WP_014233664.1
zhu_V_natriegens,1801,,,PN96_RS17860,mapped_one_to_one,FALSE,missing_reference_position,missing_reference_position,PN96_RS17860,WP_020334088.1
zhu_V_natriegens,1802,,,PN96_RS17870,mapped_one_to_one,FALSE,missing_reference_position,missing_reference_position,PN96_RS17870,WP_020334090.1
zhu_V_natriegens,1803,,,PN96_RS17875,mapped_one_to_one,FALSE,missing_reference_position,missing_reference_position,PN96_RS17875,WP_014233705.1
zhu_V_natriegens,1804,,,PN96_RS17905,mapped_one_to_one,FALSE,missing_reference_position,missing_reference_position,PN96_RS17905,WP_020334095.1
zhu_V_natriegens,1805,,,PN96_RS17985,mapped_one_to_one,FALSE,missing_reference_position,missing_reference_position,PN96_RS17985,WP_014233727.1
zhu_V_natriegens,1806,,,PN96_RS18010,mapped_one_to_one,FALSE,missing_reference_position,missing_reference_position,PN96_RS18010,WP_020334119.1
zhu_V_natriegens,1807,,,PN96_RS18015,mapped_one_to_one,FALSE,missing_reference_position,missing_reference_position,PN96_RS18015,WP_014233732.1
zhu_V_natriegens,1808,,,PN96_RS18055,mapped_one_to_one,FALSE,missing_reference_position,missing_reference_position,PN96_RS18055,WP_020334125.1
zhu_V_natriegens,1809,,,PN96_RS18065,mapped_one_to_one,FALSE,missing_reference_position,missing_reference_position,PN96_RS18065,WP_020334126.1
zhu_V_natriegens,1810,,,PN96_RS18090,mapped_one_to_one,FALSE,missing_reference_position,missing_reference_position,PN96_RS18090,WP_020334130.1
zhu_V_natriegens,1811,,,PN96_RS18110,mapped_one_to_one,FALSE,missing_reference_position,missing_reference_position,PN96_RS18110,WP_020334133.1
zhu_V_natriegens,1812,,,PN96_RS18130,mapped_one_to_one,FALSE,missing_reference_position,missing_reference_position,PN96_RS18130,WP_014233755.1
zhu_V_natriegens,1813,,,PN96_RS18175,mapped_one_to_one,FALSE,missing_reference_position,missing_reference_position,PN96_RS18175,WP_020334141.1
zhu_V_natriegens,1814,,,PN96_RS18180,mapped_one_to_one,FALSE,missing_reference_position,missing_reference_position,PN96_RS18180,WP_020334142.1
zhu_V_natriegens,1815,,,PN96_RS18190,mapped_one_to_one,FALSE,missing_reference_position,missing_reference_position,PN96_RS18190,WP_020334143.1
zhu_V_natriegens,1816,,,PN96_RS18200,mapped_one_to_one,FALSE,missing_reference_position,missing_reference_position,PN96_RS18200,WP_020334145.1
zhu_V_natriegens,1817,,,PN96_RS18235,mapped_one_to_one,FALSE,missing_reference_position,missing_reference_position,PN96_RS18235,WP_020334153.1
zhu_V_natriegens,1818,,,PN96_RS18290,mapped_one_to_one,FALSE,missing_reference_position,missing_reference_position,PN96_RS18290,WP_031779209.1
zhu_V_natriegens,1819,,,PN96_RS18360,mapped_one_to_one,FALSE,missing_reference_position,missing_reference_position,PN96_RS18360,WP_014233800.1
zhu_V_natriegens,1820,,,PN96_RS18390,mapped_one_to_one,FALSE,missing_reference_position,missing_reference_position,PN96_RS18390,WP_014233806.1
zhu_V_natriegens,1821,,,PN96_RS18420,mapped_one_to_one,FALSE,missing_reference_position,missing_reference_position,PN96_RS18420,WP_020334177.1
zhu_V_natriegens,1822,,,PN96_RS18425,mapped_one_to_one,FALSE,missing_reference_position,missing_reference_position,PN96_RS18425,WP_020334178.1
zhu_V_natriegens,1823,,,PN96_RS18435,mapped_one_to_one,FALSE,missing_reference_position,missing_reference_position,PN96_RS18435,WP_020334180.1
zhu_V_natriegens,1824,,,PN96_RS18480,mapped_one_to_one,FALSE,missing_reference_position,missing_reference_position,PN96_RS18480,WP_020334187.1
zhu_V_natriegens,1825,,,PN96_RS18485,mapped_one_to_one,FALSE,missing_reference_position,missing_reference_position,PN96_RS18485,WP_020334188.1
zhu_V_natriegens,1826,,,PN96_RS18490,mapped_one_to_one,FALSE,missing_reference_position,missing_reference_position,PN96_RS18490,WP_014233825.1
zhu_V_natriegens,1827,,,PN96_RS18500,mapped_one_to_one,FALSE,missing_reference_position,missing_reference_position,PN96_RS18500,WP_020334189.1
zhu_V_natriegens,1828,,,PN96_RS18505,mapped_one_to_one,FALSE,missing_reference_position,missing_reference_position,PN96_RS18505,WP_020334190.1
zhu_V_natriegens,1829,,,PN96_RS18515,mapped_one_to_one,FALSE,missing_reference_position,missing_reference_position,PN96_RS18515,WP_020334191.1
zhu_V_natriegens,1830,,,PN96_RS18525,mapped_one_to_one,FALSE,missing_reference_position,missing_reference_position,PN96_RS18525,WP_020334193.1
zhu_V_natriegens,1831,,,PN96_RS18540,mapped_one_to_one,FALSE,missing_reference_position,missing_reference_position,PN96_RS18540,WP_024372788.1
zhu_V_natriegens,1832,,,PN96_RS18560,mapped_one_to_one,FALSE,missing_reference_position,missing_reference_position,PN96_RS18560,WP_020334201.1
zhu_V_natriegens,1833,,,PN96_RS18655,mapped_one_to_one,FALSE,missing_reference_position,missing_reference_position,PN96_RS18655,WP_020334219.1
zhu_V_natriegens,1834,,,PN96_RS18705,mapped_one_to_one,FALSE,missing_reference_position,missing_reference_position,PN96_RS18705,WP_020334227.1
zhu_V_natriegens,1835,,,PN96_RS18720,mapped_one_to_one,FALSE,missing_reference_position,missing_reference_position,PN96_RS18720,WP_020334230.1
zhu_V_natriegens,1836,,,PN96_RS18725,mapped_one_to_one,FALSE,missing_reference_position,missing_reference_position,PN96_RS18725,WP_020334231.1
zhu_V_natriegens,1837,,,PN96_RS18760,mapped_one_to_one,FALSE,missing_reference_position,missing_reference_position,PN96_RS18760,WP_020334238.1
zhu_V_natriegens,1838,,,PN96_RS18790,mapped_one_to_one,FALSE,missing_reference_position,missing_reference_position,PN96_RS18790,WP_201765965.1
zhu_V_natriegens,1839,,,PN96_RS18800,mapped_one_to_one,FALSE,missing_reference_position,missing_reference_position,PN96_RS18800,WP_014233888.1
zhu_V_natriegens,1840,,,PN96_RS18805,mapped_one_to_one,FALSE,missing_reference_position,missing_reference_position,PN96_RS18805,WP_020334244.1
zhu_V_natriegens,1841,,,PN96_RS18810,mapped_one_to_one,FALSE,missing_reference_position,missing_reference_position,PN96_RS18810,WP_020334245.1
zhu_V_natriegens,1842,,,PN96_RS18815,mapped_one_to_one,FALSE,missing_reference_position,missing_reference_position,PN96_RS18815,WP_020334246.1
zhu_V_natriegens,1843,,,PN96_RS18855,mapped_one_to_one,FALSE,missing_reference_position,missing_reference_position,PN96_RS18855,WP_020334255.1
zhu_V_natriegens,1844,,,PN96_RS18965,mapped_one_to_one,FALSE,missing_reference_position,missing_reference_position,PN96_RS18965,WP_024372580.1
zhu_V_natriegens,1845,,,PN96_RS19005,mapped_one_to_one,FALSE,missing_reference_position,missing_reference_position,PN96_RS19005,WP_020333736.1
zhu_V_natriegens,1846,,,PN96_RS19045,mapped_one_to_one,FALSE,missing_reference_position,missing_reference_position,PN96_RS19045,WP_020333744.1
zhu_V_natriegens,1847,,,PN96_RS19060,mapped_one_to_one,FALSE,missing_reference_position,missing_reference_position,PN96_RS19060,WP_014233919.1
zhu_V_natriegens,1848,,,PN96_RS19145,mapped_one_to_one,FALSE,missing_reference_position,missing_reference_position,PN96_RS19145,WP_020333758.1
zhu_V_natriegens,1849,,,PN96_RS19150,mapped_one_to_one,FALSE,missing_reference_position,missing_reference_position,PN96_RS19150,WP_020333759.1
zhu_V_natriegens,1850,,,PN96_RS19180,mapped_one_to_one,FALSE,missing_reference_position,missing_reference_position,PN96_RS19180,WP_014233947.1
zhu_V_natriegens,1851,,,PN96_RS19220,mapped_one_to_one,FALSE,missing_reference_position,missing_reference_position,PN96_RS19220,WP_020333770.1
zhu_V_natriegens,1852,,,PN96_RS19260,mapped_one_to_one,FALSE,missing_reference_position,missing_reference_position,PN96_RS19260,WP_014233963.1
zhu_V_natriegens,1853,,,PN96_RS19265,mapped_one_to_one,FALSE,missing_reference_position,missing_reference_position,PN96_RS19265,WP_020333777.1
zhu_V_natriegens,1854,,,PN96_RS19305,mapped_one_to_one,FALSE,missing_reference_position,missing_reference_position,PN96_RS19305,WP_005373242.1
zhu_V_natriegens,1855,,,PN96_RS19315,mapped_one_to_one,FALSE,missing_reference_position,missing_reference_position,PN96_RS19315,WP_020333786.1
zhu_V_natriegens,1856,,,PN96_RS19360,mapped_one_to_one,FALSE,missing_reference_position,missing_reference_position,PN96_RS19360,WP_020333795.1
zhu_V_natriegens,1857,,,PN96_RS19590,mapped_one_to_one,FALSE,missing_reference_position,missing_reference_position,PN96_RS19590,WP_014234032.1
zhu_V_natriegens,1858,,,PN96_RS19680,mapped_one_to_one,FALSE,missing_reference_position,missing_reference_position,PN96_RS19680,WP_020333847.1
zhu_V_natriegens,1859,,,PN96_RS19710,mapped_one_to_one,FALSE,missing_reference_position,missing_reference_position,PN96_RS19710,WP_020333853.1
zhu_V_natriegens,1860,,,PN96_RS19800,mapped_one_to_one,FALSE,missing_reference_position,missing_reference_position,PN96_RS19800,WP_020333872.1
zhu_V_natriegens,1861,,,PN96_RS19820,mapped_one_to_one,FALSE,missing_reference_position,missing_reference_position,PN96_RS19820,WP_031334638.1
zhu_V_natriegens,1862,,,PN96_RS19825,mapped_one_to_one,FALSE,missing_reference_position,missing_reference_position,PN96_RS19825,WP_020333877.1
zhu_V_natriegens,1863,,,PN96_RS19830,mapped_one_to_one,FALSE,missing_reference_position,missing_reference_position,PN96_RS19830,WP_152490551.1
zhu_V_natriegens,1864,,,PN96_RS19845,mapped_one_to_one,FALSE,missing_reference_position,missing_reference_position,PN96_RS19845,WP_020333882.1
zhu_V_natriegens,1865,,,PN96_RS19865,mapped_one_to_one,FALSE,missing_reference_position,missing_reference_position,PN96_RS19865,WP_020333886.1
zhu_V_natriegens,1866,,,PN96_RS19910,mapped_one_to_one,FALSE,missing_reference_position,missing_reference_position,PN96_RS19910,WP_020334726.1
zhu_V_natriegens,1867,,,PN96_RS19920,mapped_one_to_one,FALSE,missing_reference_position,missing_reference_position,PN96_RS19920,WP_020334727.1
zhu_V_natriegens,1868,,,PN96_RS20010,mapped_one_to_one,FALSE,missing_reference_position,missing_reference_position,PN96_RS20010,WP_014234063.1
zhu_V_natriegens,1869,,,PN96_RS20030,mapped_one_to_one,FALSE,missing_reference_position,missing_reference_position,PN96_RS20030,WP_020334741.1
zhu_V_natriegens,1870,,,PN96_RS20035,mapped_one_to_one,FALSE,missing_reference_position,missing_reference_position,PN96_RS20035,WP_076633459.1
zhu_V_natriegens,1871,,,PN96_RS20040,mapped_one_to_one,FALSE,missing_reference_position,missing_reference_position,PN96_RS20040,WP_014234069.1
zhu_V_natriegens,1872,,,PN96_RS20050,mapped_one_to_one,FALSE,missing_reference_position,missing_reference_position,PN96_RS20050,WP_020334744.1
zhu_V_natriegens,1873,,,PN96_RS20205,mapped_one_to_one,FALSE,missing_reference_position,missing_reference_position,PN96_RS20205,WP_020334773.1
zhu_V_natriegens,1874,,,PN96_RS20225,mapped_one_to_one,FALSE,missing_reference_position,missing_reference_position,PN96_RS20225,WP_020334777.1
zhu_V_natriegens,1875,,,PN96_RS20380,mapped_one_to_one,FALSE,missing_reference_position,missing_reference_position,PN96_RS20380,WP_020334802.1
zhu_V_natriegens,1876,,,PN96_RS20390,mapped_one_to_one,FALSE,missing_reference_position,missing_reference_position,PN96_RS20390,WP_020334804.1
zhu_V_natriegens,1877,,,PN96_RS20395,mapped_one_to_one,FALSE,missing_reference_position,missing_reference_position,PN96_RS20395,WP_020334805.1
zhu_V_natriegens,1878,,,PN96_RS20420,mapped_one_to_one,FALSE,missing_reference_position,missing_reference_position,PN96_RS20420,WP_020334808.1
zhu_V_natriegens,1879,,,PN96_RS20470,mapped_one_to_one,FALSE,missing_reference_position,missing_reference_position,PN96_RS20470,WP_020334816.1
zhu_V_natriegens,1880,,,PN96_RS20475,mapped_one_to_one,FALSE,missing_reference_position,missing_reference_position,PN96_RS20475,WP_020334817.1
zhu_V_natriegens,1881,,,PN96_RS20495,mapped_one_to_one,FALSE,missing_reference_position,missing_reference_position,PN96_RS20495,WP_020334821.1
zhu_V_natriegens,1882,,,PN96_RS20655,mapped_one_to_one,FALSE,missing_reference_position,missing_reference_position,PN96_RS20655,WP_020334842.1
zhu_V_natriegens,1883,,,PN96_RS20680,mapped_one_to_one,FALSE,missing_reference_position,missing_reference_position,PN96_RS20680,WP_020334848.1
zhu_V_natriegens,1884,,,PN96_RS20690,mapped_one_to_one,FALSE,missing_reference_position,missing_reference_position,PN96_RS20690,WP_020334850.1
zhu_V_natriegens,1885,,,PN96_RS20725,mapped_one_to_one,FALSE,missing_reference_position,missing_reference_position,PN96_RS20725,WP_020334855.1
zhu_V_natriegens,1886,,,PN96_RS20755,mapped_one_to_one,FALSE,missing_reference_position,missing_reference_position,PN96_RS20755,WP_020334859.1
zhu_V_natriegens,1887,,,PN96_RS20760,mapped_one_to_one,FALSE,missing_reference_position,missing_reference_position,PN96_RS20760,WP_020334860.1
zhu_V_natriegens,1888,,,PN96_RS20770,mapped_one_to_one,FALSE,missing_reference_position,missing_reference_position,PN96_RS20770,WP_020334862.1
zhu_V_natriegens,1889,,,PN96_RS20790,mapped_one_to_one,FALSE,missing_reference_position,missing_reference_position,PN96_RS20790,WP_014234213.1
zhu_V_natriegens,1890,,,PN96_RS20815,mapped_one_to_one,FALSE,missing_reference_position,missing_reference_position,PN96_RS20815,WP_014234217.1
zhu_V_natriegens,1891,,,PN96_RS20820,mapped_one_to_one,FALSE,missing_reference_position,missing_reference_position,PN96_RS20820,WP_020334871.1
zhu_V_natriegens,1892,,,PN96_RS20830,mapped_one_to_one,FALSE,missing_reference_position,missing_reference_position,PN96_RS20830,WP_020334872.1
zhu_V_natriegens,1893,,,PN96_RS20835,mapped_one_to_one,FALSE,missing_reference_position,missing_reference_position,PN96_RS20835,WP_014234221.1
zhu_V_natriegens,1894,,,PN96_RS20840,mapped_one_to_one,FALSE,missing_reference_position,missing_reference_position,PN96_RS20840,WP_020334873.1
zhu_V_natriegens,1895,,,PN96_RS20885,mapped_one_to_one,FALSE,missing_reference_position,missing_reference_position,PN96_RS20885,WP_020334883.1
zhu_V_natriegens,1896,,,PN96_RS20890,mapped_one_to_one,FALSE,missing_reference_position,missing_reference_position,PN96_RS20890,WP_024372988.1
zhu_V_natriegens,1897,,,PN96_RS20895,mapped_one_to_one,FALSE,missing_reference_position,missing_reference_position,PN96_RS20895,WP_014234234.1
zhu_V_natriegens,1898,,,PN96_RS20900,mapped_one_to_one,FALSE,missing_reference_position,missing_reference_position,PN96_RS20900,WP_020334885.1
zhu_V_natriegens,1899,,,PN96_RS20920,mapped_one_to_one,FALSE,missing_reference_position,missing_reference_position,PN96_RS20920,WP_020334890.1
zhu_V_natriegens,1900,,,PN96_RS20930,mapped_one_to_one,FALSE,missing_reference_position,missing_reference_position,PN96_RS20930,WP_020334892.1
zhu_V_natriegens,1901,,,PN96_RS20945,mapped_one_to_one,FALSE,missing_reference_position,missing_reference_position,PN96_RS20945,WP_014234243.1
zhu_V_natriegens,1902,,,PN96_RS20950,mapped_one_to_one,FALSE,missing_reference_position,missing_reference_position,PN96_RS20950,WP_020334896.1
zhu_V_natriegens,1903,,,PN96_RS20960,mapped_one_to_one,FALSE,missing_reference_position,missing_reference_position,PN96_RS20960,WP_020334898.1
zhu_V_natriegens,1904,,,PN96_RS20970,mapped_one_to_one,FALSE,missing_reference_position,missing_reference_position,PN96_RS20970,WP_014234248.1
zhu_V_natriegens,1905,,,PN96_RS20990,mapped_one_to_one,FALSE,missing_reference_position,missing_reference_position,PN96_RS20990,WP_020334900.1
zhu_V_natriegens,1906,,,PN96_RS20995,mapped_one_to_one,FALSE,missing_reference_position,missing_reference_position,PN96_RS20995,WP_020334901.1
zhu_V_natriegens,1907,,,PN96_RS21000,mapped_one_to_one,FALSE,missing_reference_position,missing_reference_position,PN96_RS21000,WP_020334902.1
zhu_V_natriegens,1908,,,PN96_RS21005,mapped_one_to_one,FALSE,missing_reference_position,missing_reference_position,PN96_RS21005,WP_020334903.1
zhu_V_natriegens,1909,,,PN96_RS21025,mapped_one_to_one,FALSE,missing_reference_position,missing_reference_position,PN96_RS21025,WP_014234259.1
zhu_V_natriegens,1910,,,PN96_RS21045,mapped_one_to_one,FALSE,missing_reference_position,missing_reference_position,PN96_RS21045,WP_014234263.1
zhu_V_natriegens,1911,,,PN96_RS21055,mapped_one_to_one,FALSE,missing_reference_position,missing_reference_position,PN96_RS21055,WP_014234265.1
zhu_V_natriegens,1912,,,PN96_RS21065,mapped_one_to_one,FALSE,missing_reference_position,missing_reference_position,PN96_RS21065,WP_014234267.1
zhu_V_natriegens,1913,,,PN96_RS21090,mapped_one_to_one,FALSE,missing_reference_position,missing_reference_position,PN96_RS21090,WP_020334918.1
zhu_V_natriegens,1914,,,PN96_RS21120,mapped_one_to_one,FALSE,missing_reference_position,missing_reference_position,PN96_RS21120,WP_020334924.1
zhu_V_natriegens,1915,,,PN96_RS21170,mapped_one_to_one,FALSE,missing_reference_position,missing_reference_position,PN96_RS21170,WP_020334933.1
zhu_V_natriegens,1916,,,PN96_RS21225,mapped_one_to_one,FALSE,missing_reference_position,missing_reference_position,PN96_RS21225,WP_020334942.1
zhu_V_natriegens,1917,,,PN96_RS21235,mapped_one_to_one,FALSE,missing_reference_position,missing_reference_position,PN96_RS21235,WP_020334945.1
zhu_V_natriegens,1918,,,PN96_RS21240,mapped_one_to_one,FALSE,missing_reference_position,missing_reference_position,PN96_RS21240,WP_020334946.1
zhu_V_natriegens,1919,,,PN96_RS21275,mapped_one_to_one,FALSE,missing_reference_position,missing_reference_position,PN96_RS21275,WP_020334950.1
zhu_V_natriegens,1920,,,PN96_RS21280,mapped_one_to_one,FALSE,missing_reference_position,missing_reference_position,PN96_RS21280,WP_020334951.1
zhu_V_natriegens,1921,,,PN96_RS21300,mapped_one_to_one,FALSE,missing_reference_position,missing_reference_position,PN96_RS21300,WP_014234314.1
zhu_V_natriegens,1922,,,PN96_RS21305,mapped_one_to_one,FALSE,missing_reference_position,missing_reference_position,PN96_RS21305,WP_020334955.1
zhu_V_natriegens,1923,,,PN96_RS21310,mapped_one_to_one,FALSE,missing_reference_position,missing_reference_position,PN96_RS21310,WP_020334956.1
zhu_V_natriegens,1924,,,PN96_RS21340,mapped_one_to_one,FALSE,missing_reference_position,missing_reference_position,PN96_RS21340,WP_020334962.1
zhu_V_natriegens,1925,,,PN96_RS21390,mapped_one_to_one,FALSE,missing_reference_position,missing_reference_position,PN96_RS21390,WP_020334970.1
zhu_V_natriegens,1926,,,PN96_RS21500,mapped_one_to_one,FALSE,missing_reference_position,missing_reference_position,PN96_RS21500,WP_024372981.1
zhu_V_natriegens,1927,,,PN96_RS21525,mapped_one_to_one,FALSE,missing_reference_position,missing_reference_position,PN96_RS21525,WP_024372978.1
zhu_V_natriegens,1928,,,PN96_RS21610,mapped_one_to_one,FALSE,missing_reference_position,missing_reference_position,PN96_RS21610,WP_014234360.1
zhu_V_natriegens,1929,,,PN96_RS21660,mapped_one_to_one,FALSE,missing_reference_position,missing_reference_position,PN96_RS21660,WP_020335997.1
zhu_V_natriegens,1930,,,PN96_RS21665,mapped_one_to_one,FALSE,missing_reference_position,missing_reference_position,PN96_RS21665,WP_020335998.1
zhu_V_natriegens,1931,,,PN96_RS21690,mapped_one_to_one,FALSE,missing_reference_position,missing_reference_position,PN96_RS21690,WP_020336003.1
zhu_V_natriegens,1932,,,PN96_RS21800,mapped_one_to_one,FALSE,missing_reference_position,missing_reference_position,PN96_RS21800,WP_020336023.1
zhu_V_natriegens,1933,,,PN96_RS21805,mapped_one_to_one,FALSE,missing_reference_position,missing_reference_position,PN96_RS21805,WP_020336024.1
zhu_V_natriegens,1934,,,PN96_RS21810,mapped_one_to_one,FALSE,missing_reference_position,missing_reference_position,PN96_RS21810,WP_020336025.1
zhu_V_natriegens,1935,,,PN96_RS21815,mapped_one_to_one,FALSE,missing_reference_position,missing_reference_position,PN96_RS21815,WP_020336026.1
zhu_V_natriegens,1936,,,PN96_RS21970,mapped_one_to_one,FALSE,missing_reference_position,missing_reference_position,PN96_RS21970,WP_020336053.1
zhu_V_natriegens,1937,,,PN96_RS21980,mapped_one_to_one,FALSE,missing_reference_position,missing_reference_position,PN96_RS21980,WP_020336055.1
zhu_V_natriegens,1938,,,PN96_RS22025,mapped_one_to_one,FALSE,missing_reference_position,missing_reference_position,PN96_RS22025,WP_020336065.1
zhu_V_natriegens,1939,,,PN96_RS22030,mapped_one_to_one,FALSE,missing_reference_position,missing_reference_position,PN96_RS22030,WP_020336066.1
zhu_V_natriegens,1940,,,PN96_RS22100,mapped_one_to_one,FALSE,missing_reference_position,missing_reference_position,PN96_RS22100,WP_024372895.1
zhu_V_natriegens,1941,,,PN96_RS22140,mapped_one_to_one,FALSE,missing_reference_position,missing_reference_position,PN96_RS22140,WP_020336090.1
zhu_V_natriegens,1942,,,PN96_RS22165,mapped_one_to_one,FALSE,missing_reference_position,missing_reference_position,PN96_RS22165,WP_020336095.1
zhu_V_natriegens,1943,,,PN96_RS22310,mapped_one_to_one,FALSE,missing_reference_position,missing_reference_position,PN96_RS22310,WP_020335189.1
zhu_V_natriegens,1944,,,PN96_RS22385,mapped_one_to_one,FALSE,missing_reference_position,missing_reference_position,PN96_RS22385,WP_020335204.1
zhu_V_natriegens,1945,,,PN96_RS22390,mapped_one_to_one,FALSE,missing_reference_position,missing_reference_position,PN96_RS22390,WP_020335205.1
zhu_V_natriegens,1946,,,PN96_RS22405,mapped_one_to_one,FALSE,missing_reference_position,missing_reference_position,PN96_RS22405,WP_174522158.1
zhu_V_natriegens,1947,,,PN96_RS22430,mapped_one_to_one,FALSE,missing_reference_position,missing_reference_position,PN96_RS22430,WP_020335213.1
zhu_V_natriegens,1948,,,PN96_RS22530,mapped_one_to_one,FALSE,missing_reference_position,missing_reference_position,PN96_RS22530,WP_020335229.1
zhu_V_natriegens,1949,,,PN96_RS22535,mapped_one_to_one,FALSE,missing_reference_position,missing_reference_position,PN96_RS22535,WP_020335230.1
zhu_V_natriegens,1950,,,PN96_RS22695,mapped_one_to_one,FALSE,missing_reference_position,missing_reference_position,PN96_RS22695,WP_020335257.1
zhu_V_natriegens,1951,,,PN96_RS22710,mapped_one_to_one,FALSE,missing_reference_position,missing_reference_position,PN96_RS22710,WP_020335260.1
zhu_V_natriegens,1952,,,PN96_RS22730,mapped_one_to_one,FALSE,missing_reference_position,missing_reference_position,PN96_RS22730,WP_014234603.1
zhu_V_natriegens,1953,,,PN96_RS22740,mapped_one_to_one,FALSE,missing_reference_position,missing_reference_position,PN96_RS22740,WP_020335264.1
zhu_V_natriegens,1954,,,PN96_RS22745,mapped_one_to_one,FALSE,missing_reference_position,missing_reference_position,PN96_RS22745,WP_020335265.1
zhu_V_natriegens,1955,,,PN96_RS22755,mapped_one_to_one,FALSE,missing_reference_position,missing_reference_position,PN96_RS22755,WP_020335268.1
zhu_V_natriegens,1956,,,PN96_RS22775,mapped_one_to_one,FALSE,missing_reference_position,missing_reference_position,PN96_RS22775,WP_020335271.1
zhu_V_natriegens,1957,,,PN96_RS22795,mapped_one_to_one,FALSE,missing_reference_position,missing_reference_position,PN96_RS22795,WP_020335274.1
zhu_V_natriegens,1958,,,PN96_RS22800,mapped_one_to_one,FALSE,missing_reference_position,missing_reference_position,PN96_RS22800,WP_020335275.1
zhu_V_natriegens,1959,,,PN96_RS22805,mapped_one_to_one,FALSE,missing_reference_position,missing_reference_position,PN96_RS22805,WP_014234617.1
zhu_V_natriegens,1960,,,PN96_RS22840,mapped_one_to_one,FALSE,missing_reference_position,missing_reference_position,PN96_RS22840,WP_020335285.1
zhu_V_natriegens,1961,,,PN96_RS22845,mapped_one_to_one,FALSE,missing_reference_position,missing_reference_position,PN96_RS22845,WP_020335286.1
zhu_V_natriegens,1962,,,PN96_RS22880,mapped_one_to_one,FALSE,missing_reference_position,missing_reference_position,PN96_RS22880,WP_005375625.1
zhu_V_natriegens,1963,,,PN96_RS22895,mapped_one_to_one,FALSE,missing_reference_position,missing_reference_position,PN96_RS22895,WP_020335293.1
zhu_V_natriegens,1964,,,PN96_RS22905,mapped_one_to_one,FALSE,missing_reference_position,missing_reference_position,PN96_RS22905,WP_020335295.1
zhu_V_natriegens,1965,,,PN96_RS22910,mapped_one_to_one,FALSE,missing_reference_position,missing_reference_position,PN96_RS22910,WP_020335296.1
zhu_V_natriegens,1966,,,PN96_RS22960,mapped_one_to_one,FALSE,missing_reference_position,missing_reference_position,PN96_RS22960,WP_020335303.1
zhu_V_natriegens,1967,,,PN96_RS22985,mapped_one_to_one,FALSE,missing_reference_position,missing_reference_position,PN96_RS22985,WP_020335309.1
zhu_V_natriegens,1968,,,PN96_RS22995,mapped_one_to_one,FALSE,missing_reference_position,missing_reference_position,PN96_RS22995,WP_020335311.1
zhu_V_natriegens,1969,,,PN96_RS23000,mapped_one_to_one,FALSE,missing_reference_position,missing_reference_position,PN96_RS23000,WP_014234656.1
zhu_V_natriegens,1970,,,PN96_RS23005,mapped_one_to_one,FALSE,missing_reference_position,missing_reference_position,PN96_RS23005,WP_014234657.1
zhu_V_natriegens,1971,,,PN96_RS23015,mapped_one_to_one,FALSE,missing_reference_position,missing_reference_position,PN96_RS23015,WP_014234659.1
zhu_V_natriegens,1972,,,PN96_RS23075,mapped_one_to_one,FALSE,missing_reference_position,missing_reference_position,PN96_RS23075,WP_014234671.1
zhu_V_natriegens,1973,,,PN96_RS23125,mapped_one_to_one,FALSE,missing_reference_position,missing_reference_position,PN96_RS23125,WP_020335331.1
zhu_V_natriegens,1974,,,PN96_RS23130,mapped_one_to_one,FALSE,missing_reference_position,missing_reference_position,PN96_RS23130,WP_020335332.1
zhu_V_natriegens,1975,,,PN96_RS23135,mapped_one_to_one,FALSE,missing_reference_position,missing_reference_position,PN96_RS23135,WP_014234682.1
zhu_V_natriegens,1976,,,PN96_RS23150,mapped_one_to_one,FALSE,missing_reference_position,missing_reference_position,PN96_RS23150,WP_024372867.1
zhu_V_natriegens,1977,,,PN96_RS23165,mapped_one_to_one,FALSE,missing_reference_position,missing_reference_position,PN96_RS23165,WP_014234689.1
zhu_V_natriegens,1978,,,PN96_RS23200,mapped_one_to_one,FALSE,missing_reference_position,missing_reference_position,PN96_RS23200,WP_020335343.1
zhu_V_natriegens,1979,,,PN96_RS23265,mapped_one_to_one,FALSE,missing_reference_position,missing_reference_position,PN96_RS23265,WP_020335355.1
zhu_V_natriegens,1980,,,PN96_RS23270,mapped_one_to_one,FALSE,missing_reference_position,missing_reference_position,PN96_RS23270,WP_020335356.1
zhu_V_natriegens,1981,,,PN96_RS23275,mapped_one_to_one,FALSE,missing_reference_position,missing_reference_position,PN96_RS23275,WP_020335357.1
zhu_V_natriegens,1982,,,PN96_RS23290,mapped_one_to_one,FALSE,missing_reference_position,missing_reference_position,PN96_RS23290,WP_020335360.1
zhu_V_natriegens,1983,,,PN96_RS23335,mapped_one_to_one,FALSE,missing_reference_position,missing_reference_position,PN96_RS23335,WP_005375342.1
zhu_V_natriegens,1984,,,PN96_RS23350,mapped_one_to_one,FALSE,missing_reference_position,missing_reference_position,PN96_RS23350,WP_020335369.1
zhu_V_natriegens,1985,,,PN96_RS23355,mapped_one_to_one,FALSE,missing_reference_position,missing_reference_position,PN96_RS23355,WP_014234736.1
zhu_V_natriegens,1986,,,PN96_RS23365,mapped_one_to_one,FALSE,missing_reference_position,missing_reference_position,PN96_RS23365,WP_020335371.1
zhu_V_natriegens,1987,,,PN96_RS23370,mapped_one_to_one,FALSE,missing_reference_position,missing_reference_position,PN96_RS23370,WP_020335372.1
zhu_V_natriegens,1988,,,PN96_RS23390,mapped_one_to_one,FALSE,missing_reference_position,missing_reference_position,PN96_RS23390,WP_020335375.1
zhu_V_natriegens,1989,,,PN96_RS23410,mapped_one_to_one,FALSE,missing_reference_position,missing_reference_position,PN96_RS23410,WP_020335376.1
zhu_V_natriegens,1990,,,PN96_RS23440,mapped_one_to_one,FALSE,missing_reference_position,missing_reference_position,PN96_RS23440,WP_020335383.1
zhu_V_natriegens,1991,,,PN96_RS23445,mapped_one_to_one,FALSE,missing_reference_position,missing_reference_position,PN96_RS23445,WP_020335384.1
zhu_V_natriegens,1992,,,PN96_RS23455,mapped_one_to_one,FALSE,missing_reference_position,missing_reference_position,PN96_RS23455,WP_020335386.1
zhu_V_natriegens,1993,,,PN96_RS23460,mapped_one_to_one,FALSE,missing_reference_position,missing_reference_position,PN96_RS23460,WP_014234841.1
zhu_V_natriegens,1994,,,PN96_RS23505,mapped_one_to_one,FALSE,missing_reference_position,missing_reference_position,PN96_RS23505,WP_020335396.1
zhu_V_natriegens,1995,,,PN96_RS23510,mapped_one_to_one,FALSE,missing_reference_position,missing_reference_position,PN96_RS23510,WP_020335397.1
zhu_V_natriegens,1996,,,PN96_RS23535,mapped_one_to_one,FALSE,missing_reference_position,missing_reference_position,PN96_RS23535,WP_024372863.1
zhu_V_natriegens,1997,,,PN96_RS23545,mapped_one_to_one,FALSE,missing_reference_position,missing_reference_position,PN96_RS23545,WP_020335403.1
zhu_V_natriegens,1998,,,PN96_RS23620,mapped_one_to_one,FALSE,missing_reference_position,missing_reference_position,PN96_RS23620,WP_020335419.1
zhu_V_natriegens,1999,,,PN96_RS23625,mapped_one_to_one,FALSE,missing_reference_position,missing_reference_position,PN96_RS23625,WP_014234860.1
